latest/win/wrd_data/map_obj_name_text_US.SPC	ID000_dummy_text.stx	0	Object 0	Objeto 0
latest/win/wrd_data/map_obj_name_text_US.SPC	ID000_dummy_text.stx	1	Object 1	Objeto 1
latest/win/wrd_data/map_obj_name_text_US.SPC	ID000_dummy_text.stx	2	Object 2	Objeto 2
latest/win/wrd_data/map_obj_name_text_US.SPC	ID000_dummy_text.stx	3	Object 3	Objeto 3
latest/win/wrd_data/map_obj_name_text_US.SPC	ID000_dummy_text.stx	4	Object 4	Objeto 4
latest/win/wrd_data/map_obj_name_text_US.SPC	ID000_dummy_text.stx	5	Object 5	Objeto 5
latest/win/wrd_data/map_obj_name_text_US.SPC	ID000_dummy_text.stx	6	Object 6	Objeto 6
latest/win/wrd_data/map_obj_name_text_US.SPC	ID000_dummy_text.stx	7	Object 7	Objeto 7
latest/win/wrd_data/map_obj_name_text_US.SPC	ID000_dummy_text.stx	8	Object 8	Objeto 8
latest/win/wrd_data/map_obj_name_text_US.SPC	ID000_dummy_text.stx	9	Object 9	Objeto 9
latest/win/wrd_data/map_obj_name_text_US.SPC	ID001_sch_1F_text.stx	0	Entrance Door	Puerta de Entrada
latest/win/wrd_data/map_obj_name_text_US.SPC	ID001_sch_1F_text.stx	1	Gym	Gimnasio
latest/win/wrd_data/map_obj_name_text_US.SPC	ID001_sch_1F_text.stx	2	Dining Hall	Comedor
latest/win/wrd_data/map_obj_name_text_US.SPC	ID001_sch_1F_text.stx	3	School Store	Tienda Escolar
latest/win/wrd_data/map_obj_name_text_US.SPC	ID001_sch_1F_text.stx	4	Warehouse	Almacén
latest/win/wrd_data/map_obj_name_text_US.SPC	ID001_sch_1F_text.stx	5	Classroom A	Aula A
latest/win/wrd_data/map_obj_name_text_US.SPC	ID001_sch_1F_text.stx	6	Boys Bathroom	Baño de Chicos
latest/win/wrd_data/map_obj_name_text_US.SPC	ID001_sch_1F_text.stx	7	Geometric Pattern Door	Puerta con Diseño Geométrico
latest/win/wrd_data/map_obj_name_text_US.SPC	ID001_sch_1F_text.stx	8	Girls Bathroom	Baño de Chicas
latest/win/wrd_data/map_obj_name_text_US.SPC	ID001_sch_1F_text.stx	9	Ultimate Magician Lab	Laboratorio de la Maga Definitiva
latest/win/wrd_data/map_obj_name_text_US.SPC	ID001_sch_1F_text.stx	10	Door	Puerta
latest/win/wrd_data/map_obj_name_text_US.SPC	ID001_sch_1F_text.stx	11	Geometric Pattern Door	Puerta con Diseño Geométrico
latest/win/wrd_data/map_obj_name_text_US.SPC	ID001_sch_1F_text.stx	12	2nd Floor	2do Piso
latest/win/wrd_data/map_obj_name_text_US.SPC	ID001_sch_1F_text.stx	13	Basement	Sótano
latest/win/wrd_data/map_obj_name_text_US.SPC	ID001_sch_1F_text.stx	21	End of Hallway	Final del Pasillo
latest/win/wrd_data/map_obj_name_text_US.SPC	ID002_sch_2F_text.stx	0	Classroom B	Aula B
latest/win/wrd_data/map_obj_name_text_US.SPC	ID002_sch_2F_text.stx	1	Ultimate Pianist Lab	Laboratorio de la Pianista Definitiva
latest/win/wrd_data/map_obj_name_text_US.SPC	ID002_sch_2F_text.stx	2	Ultimate Maid Lab	Laboratorio de la Mucama Definitiva
latest/win/wrd_data/map_obj_name_text_US.SPC	ID002_sch_2F_text.stx	3	Ultimate Entomologist Lab	Laboratorio del Entomólogo Definitivo
latest/win/wrd_data/map_obj_name_text_US.SPC	ID002_sch_2F_text.stx	4	1st Floor	1er Piso
latest/win/wrd_data/map_obj_name_text_US.SPC	ID002_sch_2F_text.stx	5	3rd Floor	3er Piso
latest/win/wrd_data/map_obj_name_text_US.SPC	ID002_sch_2F_text.stx	6	Bronze Dragon Statue	Estatua de Dragón de Bronce
latest/win/wrd_data/map_obj_name_text_US.SPC	ID002_sch_2F_text.stx	7	Treasure Chest	Cofre del Tesoro
latest/win/wrd_data/map_obj_name_text_US.SPC	ID002_sch_2F_text.stx	10	Classroom C	Aula C
latest/win/wrd_data/map_obj_name_text_US.SPC	ID003_sch_3F_text.stx	0	2nd Floor	2do Piso
latest/win/wrd_data/map_obj_name_text_US.SPC	ID003_sch_3F_text.stx	1	Ultimate Tennis Pro Lab	Laboratorio del Tenista Pro Definitivo
latest/win/wrd_data/map_obj_name_text_US.SPC	ID003_sch_3F_text.stx	2	Door	Puerta
latest/win/wrd_data/map_obj_name_text_US.SPC	ID003_sch_3F_text.stx	3	Door	Puerta
latest/win/wrd_data/map_obj_name_text_US.SPC	ID003_sch_3F_text.stx	4	Door	Puerta
latest/win/wrd_data/map_obj_name_text_US.SPC	ID003_sch_3F_text.stx	5	4th Floor	4to Piso
latest/win/wrd_data/map_obj_name_text_US.SPC	ID003_sch_3F_text.stx	6	Ultimate Assassin Lab	Laboratorio de la Asesina Definitiva
latest/win/wrd_data/map_obj_name_text_US.SPC	ID003_sch_3F_text.stx	7	Large Door	Puerta Grande
latest/win/wrd_data/map_obj_name_text_US.SPC	ID004_sch_B1_text.stx	0	Library	Biblioteca
latest/win/wrd_data/map_obj_name_text_US.SPC	ID004_sch_B1_text.stx	1	A/V Room	Sala de Medios A/V
latest/win/wrd_data/map_obj_name_text_US.SPC	ID004_sch_B1_text.stx	2	Game Room	Sala de Juegos
latest/win/wrd_data/map_obj_name_text_US.SPC	ID004_sch_B1_text.stx	3	Library	Biblioteca
latest/win/wrd_data/map_obj_name_text_US.SPC	ID004_sch_B1_text.stx	4	Air Vent	Ventilación
latest/win/wrd_data/map_obj_name_text_US.SPC	ID004_sch_B1_text.stx	5	1st Floor	1er Piso
latest/win/wrd_data/map_obj_name_text_US.SPC	ID005_sch_4F_text.stx	0	3rd Floor	3er Piso
latest/win/wrd_data/map_obj_name_text_US.SPC	ID005_sch_4F_text.stx	1	Left Room	Sala Izquierda
latest/win/wrd_data/map_obj_name_text_US.SPC	ID005_sch_4F_text.stx	2	Center Room	Sala Central
latest/win/wrd_data/map_obj_name_text_US.SPC	ID005_sch_4F_text.stx	3	Right Room	Sala Derecha
latest/win/wrd_data/map_obj_name_text_US.SPC	ID005_sch_4F_text.stx	4	Computer Room	Sala de Cómputo
latest/win/wrd_data/map_obj_name_text_US.SPC	ID005_sch_4F_text.stx	5	Ultimate Anthropologist Lab (Rear)	Laboratorio del Antropólogo Definitivo (Fondo)
latest/win/wrd_data/map_obj_name_text_US.SPC	ID005_sch_4F_text.stx	6	Ultimate Anthropologist Lab	Laboratorio del Antropólogo Definitivo
latest/win/wrd_data/map_obj_name_text_US.SPC	ID005_sch_4F_text.stx	7	5th Floor	5to Piso
latest/win/wrd_data/map_obj_name_text_US.SPC	ID005_sch_4F_text.stx	8	Ultimate Artist Lab	Laboratorio de la Artista Definitiva
latest/win/wrd_data/map_obj_name_text_US.SPC	ID005_sch_4F_text.stx	9	Ultimate Artist Lab (Rear)	Laboratorio de la Artista Definitiva (Fondo)
latest/win/wrd_data/map_obj_name_text_US.SPC	ID005_sch_4F_text.stx	10	Futuristic Art	Arte Futurista
latest/win/wrd_data/map_obj_name_text_US.SPC	ID005_sch_4F_text.stx	11	Hanging Scroll	Pergamino Colgante
latest/win/wrd_data/map_obj_name_text_US.SPC	ID006_sch_5F_text.stx	0	Ultimate Cosplayer Lab	Laboratorio de la Cosplayer Definitiva
latest/win/wrd_data/map_obj_name_text_US.SPC	ID006_sch_5F_text.stx	1	4th Floor	4to Piso
latest/win/wrd_data/map_obj_name_text_US.SPC	ID006_sch_5F_text.stx	2	Ultimate Detective Lab	Laboratorio del Detective Definitivo
latest/win/wrd_data/map_obj_name_text_US.SPC	ID006_sch_5F_text.stx	4	Ultimate ??? Lab	Laboratorio del ??? Definitivo
latest/win/wrd_data/map_obj_name_text_US.SPC	ID006_sch_5F_text.stx	5	Extravagant Door	Puerta Extravagante
latest/win/wrd_data/map_obj_name_text_US.SPC	ID007_gym_text.stx	1	Basketball Net	Canasta de Básquetbol
latest/win/wrd_data/map_obj_name_text_US.SPC	ID007_gym_text.stx	2	Basketball Net	Canasta de Básquetbol
latest/win/wrd_data/map_obj_name_text_US.SPC	ID007_gym_text.stx	3	Scoreboard	Marcador
latest/win/wrd_data/map_obj_name_text_US.SPC	ID007_gym_text.stx	6	Window	Ventana
latest/win/wrd_data/map_obj_name_text_US.SPC	ID007_gym_text.stx	7	Closed Curtain	Cortina Cerrada
latest/win/wrd_data/map_obj_name_text_US.SPC	ID007_gym_text.stx	8	Open Window	Ventana Abierta
latest/win/wrd_data/map_obj_name_text_US.SPC	ID007_gym_text.stx	11	Hammer on Dolly	Martillo sobre Carretilla
latest/win/wrd_data/map_obj_name_text_US.SPC	ID007_gym_text.stx	12	Mountain of Weapons	Montaña de Armas
latest/win/wrd_data/map_obj_name_text_US.SPC	ID008_gym_magic_text.stx	0	Stage	Escenario
latest/win/wrd_data/map_obj_name_text_US.SPC	ID008_gym_magic_text.stx	1	Near the Water Tank	Cerca del Tanque de Agua
latest/win/wrd_data/map_obj_name_text_US.SPC	ID008_gym_magic_text.stx	2	Behind the Stage	Detrás del Escenario
latest/win/wrd_data/map_obj_name_text_US.SPC	ID008_gym_magic_text.stx	3	Curtain	Cortina
latest/win/wrd_data/map_obj_name_text_US.SPC	ID008_gym_magic_text.stx	4	Light Panel	Panel de Luz
latest/win/wrd_data/map_obj_name_text_US.SPC	ID008_gym_magic_text.stx	5	Ladder	Escalera de Mano
latest/win/wrd_data/map_obj_name_text_US.SPC	ID008_gym_magic_text.stx	6	Timer	Temporizador
latest/win/wrd_data/map_obj_name_text_US.SPC	ID008_gym_magic_text.stx	7	Ryoma's Body	Cadáver de Ryoma
latest/win/wrd_data/map_obj_name_text_US.SPC	ID008_gym_magic_text.stx	8	Curtain	Cortina
latest/win/wrd_data/map_obj_name_text_US.SPC	ID008_gym_magic_text.stx	9	Piranhas	Pirañas
latest/win/wrd_data/map_obj_name_text_US.SPC	ID008_gym_magic_text.stx	10	Bloody Tank	Tanque Ensangrentado
latest/win/wrd_data/map_obj_name_text_US.SPC	ID008_gym_magic_text.stx	11	Broken Tank	Tanque Roto
latest/win/wrd_data/map_obj_name_text_US.SPC	ID008_gym_magic_text.stx	12	Ryoma's Belongings	Pertenencias de Ryoma
latest/win/wrd_data/map_obj_name_text_US.SPC	ID008_gym_magic_text.stx	13	Handcuffs	Esposas
latest/win/wrd_data/map_obj_name_text_US.SPC	ID008_gym_magic_text.stx	14	Glass Panel	Panel de Vidrio
latest/win/wrd_data/map_obj_name_text_US.SPC	ID008_gym_magic_text.stx	15	Glass	Vidrio
latest/win/wrd_data/map_obj_name_text_US.SPC	ID008_gym_magic_text.stx	16	Bucket	Cubeta
latest/win/wrd_data/map_obj_name_text_US.SPC	ID008_gym_magic_text.stx	17	Rope	Cuerda
latest/win/wrd_data/map_obj_name_text_US.SPC	ID008_gym_magic_text.stx	18	Puddle	Charco
latest/win/wrd_data/map_obj_name_text_US.SPC	ID008_gym_magic_text.stx	19	Stage Staircase	Escaleras del Escenario
latest/win/wrd_data/map_obj_name_text_US.SPC	ID008_gym_magic_text.stx	20	Window	Ventana
latest/win/wrd_data/map_obj_name_text_US.SPC	ID008_gym_magic_text.stx	21	Closed Curtain	Cortina Cerrada
latest/win/wrd_data/map_obj_name_text_US.SPC	ID008_gym_magic_text.stx	22	Open Window	Ventana Abierta
latest/win/wrd_data/map_obj_name_text_US.SPC	ID008_gym_magic_text.stx	23	Suspended Water Tank	Tanque de Agua Colgante
latest/win/wrd_data/map_obj_name_text_US.SPC	ID008_gym_magic_text.stx	24	Piranha Tank	Tanque de Pirañas
latest/win/wrd_data/map_obj_name_text_US.SPC	ID008_gym_magic_text.stx	25	Large Water Tank	Tanque de Agua Grande
latest/win/wrd_data/map_obj_name_text_US.SPC	ID008_gym_magic_text.stx	26	Large Water Tank	Tanque de Agua Grande
latest/win/wrd_data/map_obj_name_text_US.SPC	ID010_cafe_text.stx	1	Rules	Reglas
latest/win/wrd_data/map_obj_name_text_US.SPC	ID010_cafe_text.stx	2	Terrace Door	Puerta de la Terraza
latest/win/wrd_data/map_obj_name_text_US.SPC	ID010_cafe_text.stx	3	Barbed Wire	Alambre de Púas
latest/win/wrd_data/map_obj_name_text_US.SPC	ID010_cafe_text.stx	4	Grass	Pasto
latest/win/wrd_data/map_obj_name_text_US.SPC	ID010_cafe_text.stx	5	Floor	Piso
latest/win/wrd_data/map_obj_name_text_US.SPC	ID010_cafe_text.stx	6	Knife	Cuchillo
latest/win/wrd_data/map_obj_name_text_US.SPC	ID014_shop_text.stx	1	Monomono Machine	Máquina MonoMono
latest/win/wrd_data/map_obj_name_text_US.SPC	ID015_warehousea_text.stx	2	Shot Put Ball	Bola de Peso
latest/win/wrd_data/map_obj_name_text_US.SPC	ID015_warehousea_text.stx	3	RC Helicopter	Helicóptero a Control Remoto
latest/win/wrd_data/map_obj_name_text_US.SPC	ID015_warehousea_text.stx	4	High Jump Bar	Barra de Salto Alto
latest/win/wrd_data/map_obj_name_text_US.SPC	ID015_warehousea_text.stx	5	Mat	Colchoneta
latest/win/wrd_data/map_obj_name_text_US.SPC	ID015_warehousea_text.stx	6	Hurdle	Valla
latest/win/wrd_data/map_obj_name_text_US.SPC	ID015_warehousea_text.stx	7	Disposable Camera	Cámara Desechable
latest/win/wrd_data/map_obj_name_text_US.SPC	ID015_warehousea_text.stx	8	Photographic Developer	Revelador Fotográfico
latest/win/wrd_data/map_obj_name_text_US.SPC	ID017_classRoom_A_text.stx	0	Blackboard	Pizarrón
latest/win/wrd_data/map_obj_name_text_US.SPC	ID017_classRoom_A_text.stx	1	Window	Ventana
latest/win/wrd_data/map_obj_name_text_US.SPC	ID017_classRoom_A_text.stx	2	Teacher's Desk	Escritorio del Profesor
latest/win/wrd_data/map_obj_name_text_US.SPC	ID017_classRoom_A_text.stx	3	Closed Door	Puerta Cerrada
latest/win/wrd_data/map_obj_name_text_US.SPC	ID017_classRoom_A_text.stx	4	Open Door	Puerta Abierta
latest/win/wrd_data/map_obj_name_text_US.SPC	ID017_classRoom_A_text.stx	5	Air Vent	Ventilación
latest/win/wrd_data/map_obj_name_text_US.SPC	ID018_classRoom_B_text.stx	0	Blackboard	Pizarrón
latest/win/wrd_data/map_obj_name_text_US.SPC	ID018_classRoom_B_text.stx	1	Window	Ventana
latest/win/wrd_data/map_obj_name_text_US.SPC	ID018_classRoom_B_text.stx	2	Teacher's Desk	Escritorio del Profesor
latest/win/wrd_data/map_obj_name_text_US.SPC	ID018_classRoom_B_text.stx	3	Door	Puerta
latest/win/wrd_data/map_obj_name_text_US.SPC	ID018_classRoom_B_text.stx	4	Locker	Casillero
latest/win/wrd_data/map_obj_name_text_US.SPC	ID018_classRoom_B_text.stx	38	Locker	Casillero
latest/win/wrd_data/map_obj_name_text_US.SPC	ID018_classRoom_B_text.stx	39	Locker	Casillero
latest/win/wrd_data/map_obj_name_text_US.SPC	ID018_classRoom_B_text.stx	40	Blackboard	Pizarrón
latest/win/wrd_data/map_obj_name_text_US.SPC	ID018_classRoom_B_text.stx	41	Blackboard	Pizarrón
latest/win/wrd_data/map_obj_name_text_US.SPC	ID019_libA_text.stx	1	Front Bookcase	Librero del Frente
latest/win/wrd_data/map_obj_name_text_US.SPC	ID019_libA_text.stx	2	Middle Bookcase	Librero del Medio
latest/win/wrd_data/map_obj_name_text_US.SPC	ID019_libA_text.stx	3	Back Bookcase	Librero del Fondo
latest/win/wrd_data/map_obj_name_text_US.SPC	ID019_libA_text.stx	4	Moving Ladder	Escalera Móvil
latest/win/wrd_data/map_obj_name_text_US.SPC	ID019_libA_text.stx	5	Air Vent	Ventilación
latest/win/wrd_data/map_obj_name_text_US.SPC	ID019_libA_text.stx	6	Moving Bookcase	Estantería Móvil
latest/win/wrd_data/map_obj_name_text_US.SPC	ID019_libA_text.stx	7	Front Double Doors	Puertas Dobles del Frente
latest/win/wrd_data/map_obj_name_text_US.SPC	ID019_libA_text.stx	8	Rear Sliding Door	Puerta Corrediza Trasera
latest/win/wrd_data/map_obj_name_text_US.SPC	ID019_libA_text.stx	9	Globe	Globo Terráqueo
latest/win/wrd_data/map_obj_name_text_US.SPC	ID019_libA_text.stx	10	Modified Camera	Cámara Modificada
latest/win/wrd_data/map_obj_name_text_US.SPC	ID019_libA_text.stx	11	Modified Camera	Cámara Modificada
latest/win/wrd_data/map_obj_name_text_US.SPC	ID019_libA_text.stx	12	Cluttered Books	Libros Desordenados
latest/win/wrd_data/map_obj_name_text_US.SPC	ID019_libA_text.stx	13	Organized Books	Libros Organizados
latest/win/wrd_data/map_obj_name_text_US.SPC	ID019_libA_text.stx	14	Above the Bookcase	Encima del Librero
latest/win/wrd_data/map_obj_name_text_US.SPC	ID019_libA_text.stx	35	Open Moving Bookcase	Estantería Móvil Abierta
latest/win/wrd_data/map_obj_name_text_US.SPC	ID019_libA_text.stx	36	Black & White Door	Puerta Blanca y Negra
latest/win/wrd_data/map_obj_name_text_US.SPC	ID019_libA_text.stx	37	Card Reader	Lector de Tarjetas
latest/win/wrd_data/map_obj_name_text_US.SPC	ID019_libA_text.stx	38	Air Vent	Ventilación
latest/win/wrd_data/map_obj_name_text_US.SPC	ID019_libA_text.stx	39	Back of the Library	Fondo de la Biblioteca
latest/win/wrd_data/map_obj_name_text_US.SPC	ID019_libA_text.stx	40	Cluttered Books	Libros Desordenados
latest/win/wrd_data/map_obj_name_text_US.SPC	ID019_libA_text.stx	41	Organized Books	Libros Organizados
latest/win/wrd_data/map_obj_name_text_US.SPC	ID019_libA_text.stx	45	Near the Body	Cerca del Cadáver
latest/win/wrd_data/map_obj_name_text_US.SPC	ID020_libB_text.stx	0	Special Modified Camera	Cámara Modificada Especial
latest/win/wrd_data/map_obj_name_text_US.SPC	ID020_libB_text.stx	1	Bloody Shot Put Ball	Bola de Peso Ensangrentada
latest/win/wrd_data/map_obj_name_text_US.SPC	ID020_libB_text.stx	2	Rantaro's Body	Cadáver de Rantaro
latest/win/wrd_data/map_obj_name_text_US.SPC	ID020_libB_text.stx	3	Cluttered Books	Libros Desordenados
latest/win/wrd_data/map_obj_name_text_US.SPC	ID020_libB_text.stx	4	Organized Books	Libros Organizados
latest/win/wrd_data/map_obj_name_text_US.SPC	ID021_libA_text.stx	1	Front Bookcase	Librero del Frente
latest/win/wrd_data/map_obj_name_text_US.SPC	ID021_libA_text.stx	2	Middle Bookcase	Librero del Medio
latest/win/wrd_data/map_obj_name_text_US.SPC	ID021_libA_text.stx	3	Back Bookcase	Librero del Fondo
latest/win/wrd_data/map_obj_name_text_US.SPC	ID021_libA_text.stx	4	Moving Ladder	Escalera Móvil
latest/win/wrd_data/map_obj_name_text_US.SPC	ID021_libA_text.stx	5	Air Vent	Ventilación
latest/win/wrd_data/map_obj_name_text_US.SPC	ID021_libA_text.stx	6	Moving Bookcase	Estantería Móvil
latest/win/wrd_data/map_obj_name_text_US.SPC	ID021_libA_text.stx	7	Front Double Doors	Puertas Dobles del Frente
latest/win/wrd_data/map_obj_name_text_US.SPC	ID021_libA_text.stx	8	Rear Sliding Door	Puerta Corrediza Trasera
latest/win/wrd_data/map_obj_name_text_US.SPC	ID021_libA_text.stx	9	Globe	Globo Terráqueo
latest/win/wrd_data/map_obj_name_text_US.SPC	ID021_libA_text.stx	10	Modified Camera	Cámara Modificada
latest/win/wrd_data/map_obj_name_text_US.SPC	ID021_libA_text.stx	11	Modified Camera	Cámara Modificada
latest/win/wrd_data/map_obj_name_text_US.SPC	ID021_libA_text.stx	12	Cluttered Books	Libros Desordenados
latest/win/wrd_data/map_obj_name_text_US.SPC	ID021_libA_text.stx	13	Organized Books	Libros Organizados
latest/win/wrd_data/map_obj_name_text_US.SPC	ID021_libA_text.stx	14	Above the Bookcase	Encima del Librero
latest/win/wrd_data/map_obj_name_text_US.SPC	ID021_libA_text.stx	35	Open Moving Bookcase	Estantería Móvil Abierta
latest/win/wrd_data/map_obj_name_text_US.SPC	ID021_libA_text.stx	36	Black & White Door	Puerta Blanca y Negra
latest/win/wrd_data/map_obj_name_text_US.SPC	ID021_libA_text.stx	37	Card Reader	Lector de Tarjetas
latest/win/wrd_data/map_obj_name_text_US.SPC	ID021_libA_text.stx	38	Air Vent	Ventilación
latest/win/wrd_data/map_obj_name_text_US.SPC	ID021_libA_text.stx	39	Back of the Library	Fondo de la Biblioteca
latest/win/wrd_data/map_obj_name_text_US.SPC	ID021_libA_text.stx	40	Cluttered Books	Libros Desordenados
latest/win/wrd_data/map_obj_name_text_US.SPC	ID021_libA_text.stx	41	Organized Books	Libros Organizados
latest/win/wrd_data/map_obj_name_text_US.SPC	ID021_libA_text.stx	45	Bookcase	Librero
latest/win/wrd_data/map_obj_name_text_US.SPC	ID021_libA_text.stx	46	Hidden Room	Habitación Secreta
latest/win/wrd_data/map_obj_name_text_US.SPC	ID025_gam_text.stx	1	Sliding Door	Puerta Corrediza
latest/win/wrd_data/map_obj_name_text_US.SPC	ID025_gam_text.stx	2	Tree Root	Raíz de Árbol
latest/win/wrd_data/map_obj_name_text_US.SPC	ID026_av_text.stx	1	Screen	Pantalla
latest/win/wrd_data/map_obj_name_text_US.SPC	ID026_av_text.stx	2	Video Player	Reproductor de Video
latest/win/wrd_data/map_obj_name_text_US.SPC	ID026_av_text.stx	3	Video Rack	Estante de Videos
latest/win/wrd_data/map_obj_name_text_US.SPC	ID026_av_text.stx	4	Video Rack	Estante de Videos
latest/win/wrd_data/map_obj_name_text_US.SPC	ID026_av_text.stx	5	5.1ch Speaker	Altavoz 5.1
latest/win/wrd_data/map_obj_name_text_US.SPC	ID026_av_text.stx	6	5.1ch Speaker	Altavoz 5.1
latest/win/wrd_data/map_obj_name_text_US.SPC	ID026_av_text.stx	7	5.1ch Speaker	Altavoz 5.1
latest/win/wrd_data/map_obj_name_text_US.SPC	ID026_av_text.stx	8	5.1ch Speaker	Altavoz 5.1
latest/win/wrd_data/map_obj_name_text_US.SPC	ID026_av_text.stx	9	Sofa A	Sofá A
latest/win/wrd_data/map_obj_name_text_US.SPC	ID026_av_text.stx	10	Sofa B	Sofá B
latest/win/wrd_data/map_obj_name_text_US.SPC	ID026_av_text.stx	11	Projector	Proyector
latest/win/wrd_data/map_obj_name_text_US.SPC	ID026_av_text.stx	12	Poster Bucket	Cubeta del Póster
latest/win/wrd_data/map_obj_name_text_US.SPC	ID026_av_text.stx	13	Back Sliding Door	Puerta Corrediza Trasera
latest/win/wrd_data/map_obj_name_text_US.SPC	ID026_av_text.stx	14	5.1ch Speaker	Altavoz 5.1
latest/win/wrd_data/map_obj_name_text_US.SPC	ID026_av_text.stx	15	5.1ch Speaker	Altavoz 5.1
latest/win/wrd_data/map_obj_name_text_US.SPC	ID027_secretRoom_0_text.stx	0	Half Broken Door	Puerta Medio Rota
latest/win/wrd_data/map_obj_name_text_US.SPC	ID027_secretRoom_0_text.stx	2	Curtain	Cortina
latest/win/wrd_data/map_obj_name_text_US.SPC	ID027_secretRoom_0_text.stx	3	Trash Can	Bote de Basura
latest/win/wrd_data/map_obj_name_text_US.SPC	ID028_secretRoom_1_text.stx	0	Half Broken Door	Puerta Medio Rota
latest/win/wrd_data/map_obj_name_text_US.SPC	ID028_secretRoom_1_text.stx	2	Door	Puerta
latest/win/wrd_data/map_obj_name_text_US.SPC	ID028_secretRoom_1_text.stx	3	Trash Can	Bote de Basura
latest/win/wrd_data/map_obj_name_text_US.SPC	ID029_secret_text.stx	0	Door	Puerta
latest/win/wrd_data/map_obj_name_text_US.SPC	ID029_secret_text.stx	1	Door	Puerta
latest/win/wrd_data/map_obj_name_text_US.SPC	ID029_secret_text.stx	2	Door	Puerta
latest/win/wrd_data/map_obj_name_text_US.SPC	ID029_secret_text.stx	3	Door	Puerta
latest/win/wrd_data/map_obj_name_text_US.SPC	ID030_classRoom_C_text.stx	0	Blackboard	Pizarrón
latest/win/wrd_data/map_obj_name_text_US.SPC	ID030_classRoom_C_text.stx	1	Window	Ventana
latest/win/wrd_data/map_obj_name_text_US.SPC	ID030_classRoom_C_text.stx	2	Teacher's Desk	Escritorio del Profesor
latest/win/wrd_data/map_obj_name_text_US.SPC	ID030_classRoom_C_text.stx	3	Door	Puerta
latest/win/wrd_data/map_obj_name_text_US.SPC	ID030_classRoom_C_text.stx	4	Locker	Casillero
latest/win/wrd_data/map_obj_name_text_US.SPC	ID030_classRoom_C_text.stx	38	Locker	Casillero
latest/win/wrd_data/map_obj_name_text_US.SPC	ID030_classRoom_C_text.stx	39	Locker	Casillero
latest/win/wrd_data/map_obj_name_text_US.SPC	ID030_classRoom_C_text.stx	40	Blackboard	Pizarrón
latest/win/wrd_data/map_obj_name_text_US.SPC	ID030_classRoom_C_text.stx	41	Blackboard	Pizarrón
latest/win/wrd_data/map_obj_name_text_US.SPC	ID031_classRoom_C_text.stx	0	Blackboard	Pizarrón
latest/win/wrd_data/map_obj_name_text_US.SPC	ID031_classRoom_C_text.stx	1	Window	Ventana
latest/win/wrd_data/map_obj_name_text_US.SPC	ID031_classRoom_C_text.stx	2	Teacher's Desk	Escritorio del Profesor
latest/win/wrd_data/map_obj_name_text_US.SPC	ID031_classRoom_C_text.stx	3	Door	Puerta
latest/win/wrd_data/map_obj_name_text_US.SPC	ID031_classRoom_C_text.stx	4	Locker	Casillero
latest/win/wrd_data/map_obj_name_text_US.SPC	ID031_classRoom_C_text.stx	21	Desk	Escritorio
latest/win/wrd_data/map_obj_name_text_US.SPC	ID031_classRoom_C_text.stx	38	Locker	Casillero
latest/win/wrd_data/map_obj_name_text_US.SPC	ID031_classRoom_C_text.stx	39	Locker	Casillero
latest/win/wrd_data/map_obj_name_text_US.SPC	ID031_classRoom_C_text.stx	41	Blackboard	Pizarrón
latest/win/wrd_data/map_obj_name_text_US.SPC	ID031_classRoom_C_text.stx	42	Desk	Escritorio
latest/win/wrd_data/map_obj_name_text_US.SPC	ID031_classRoom_C_text.stx	43	Hologram	Holograma
latest/win/wrd_data/map_obj_name_text_US.SPC	ID031_classRoom_C_text.stx	44	Hologram Display	Pantalla Holográfica
latest/win/wrd_data/map_obj_name_text_US.SPC	ID031_classRoom_C_text.stx	45	Hologram	Holograma
latest/win/wrd_data/map_obj_name_text_US.SPC	ID031_classRoom_C_text.stx	46	Flashback Light	Linterna Flashback
latest/win/wrd_data/map_obj_name_text_US.SPC	ID031_classRoom_C_text.stx	48	Locker	Casillero
latest/win/wrd_data/map_obj_name_text_US.SPC	ID031_classRoom_C_text.stx	49	Locker	Casillero
latest/win/wrd_data/map_obj_name_text_US.SPC	ID031_classRoom_C_text.stx	50	Locker	Casillero
latest/win/wrd_data/map_obj_name_text_US.SPC	ID031_classRoom_C_text.stx	60	Door	Puerta
latest/win/wrd_data/map_obj_name_text_US.SPC	ID032_cold_text.stx	1	Documents	Documentos
latest/win/wrd_data/map_obj_name_text_US.SPC	ID032_cold_text.stx	2	Mysterious Machine	Máquina Misteriosa
latest/win/wrd_data/map_obj_name_text_US.SPC	ID032_cold_text.stx	3	Mysterious Machine	Máquina Misteriosa
latest/win/wrd_data/map_obj_name_text_US.SPC	ID032_cold_text.stx	4	Mysterious Machine	Máquina Misteriosa
latest/win/wrd_data/map_obj_name_text_US.SPC	ID032_cold_text.stx	5	Pod	Cápsula
latest/win/wrd_data/map_obj_name_text_US.SPC	ID032_cold_text.stx	6	Pod	Cápsula
latest/win/wrd_data/map_obj_name_text_US.SPC	ID036_vacancy_00_text.stx	0	Lit Candle	Vela Encendida
latest/win/wrd_data/map_obj_name_text_US.SPC	ID036_vacancy_00_text.stx	1	Lit Candle	Vela Encendida
latest/win/wrd_data/map_obj_name_text_US.SPC	ID036_vacancy_00_text.stx	2	Floor	Piso
latest/win/wrd_data/map_obj_name_text_US.SPC	ID036_vacancy_00_text.stx	3	Hole in the Corner	Agujero en la Esquina
latest/win/wrd_data/map_obj_name_text_US.SPC	ID037_vacancy_01_text.stx	0	Lit Candle	Vela Encendida
latest/win/wrd_data/map_obj_name_text_US.SPC	ID037_vacancy_01_text.stx	1	Lit Candle	Vela Encendida
latest/win/wrd_data/map_obj_name_text_US.SPC	ID037_vacancy_01_text.stx	2	Floor	Piso
latest/win/wrd_data/map_obj_name_text_US.SPC	ID037_vacancy_01_text.stx	3	Floor With Removed Floorboard	Piso sin una Tabla
latest/win/wrd_data/map_obj_name_text_US.SPC	ID037_vacancy_01_text.stx	4	Crooked Floorboard	Tabla Torcida
latest/win/wrd_data/map_obj_name_text_US.SPC	ID037_vacancy_01_text.stx	5	Hole in the Corner	Agujero en la Esquina
latest/win/wrd_data/map_obj_name_text_US.SPC	ID037_vacancy_01_text.stx	6	Magic Circle	Círculo Mágico
latest/win/wrd_data/map_obj_name_text_US.SPC	ID037_vacancy_01_text.stx	7	Ruined Magic Circle	Círculo Mágico Arruinado
latest/win/wrd_data/map_obj_name_text_US.SPC	ID037_vacancy_01_text.stx	8	Iron Cage Covering Something	Jaula de Hierro Cubriendo Algo
latest/win/wrd_data/map_obj_name_text_US.SPC	ID037_vacancy_01_text.stx	9	Iron Cage	Jaula de Hierro
latest/win/wrd_data/map_obj_name_text_US.SPC	ID037_vacancy_01_text.stx	10	Dog Statue on Iron Cage	Estatua de Perro sobre la Jaula
latest/win/wrd_data/map_obj_name_text_US.SPC	ID037_vacancy_01_text.stx	11	Dog Statue	Estatua de Perro
latest/win/wrd_data/map_obj_name_text_US.SPC	ID037_vacancy_01_text.stx	12	Bloodstain	Mancha de Sangre
latest/win/wrd_data/map_obj_name_text_US.SPC	ID037_vacancy_01_text.stx	13	Marker Stone	Piedra Marcadora
latest/win/wrd_data/map_obj_name_text_US.SPC	ID037_vacancy_01_text.stx	14	White Cloth Over Something	Sábana Blanca Cubriendo Algo
latest/win/wrd_data/map_obj_name_text_US.SPC	ID037_vacancy_01_text.stx	15	White Cloth	Sábana Blanca
latest/win/wrd_data/map_obj_name_text_US.SPC	ID037_vacancy_01_text.stx	16	Curled Up Tenko	Tenko Acurrucada
latest/win/wrd_data/map_obj_name_text_US.SPC	ID037_vacancy_01_text.stx	17	Tenko's Body	Cadáver de Tenko
latest/win/wrd_data/map_obj_name_text_US.SPC	ID037_vacancy_01_text.stx	18	Ruined Magic Circle	Círculo Mágico Arruinado
latest/win/wrd_data/map_obj_name_text_US.SPC	ID038_vacancy_02_text.stx	0	Lit Candle	Vela Encendida
latest/win/wrd_data/map_obj_name_text_US.SPC	ID038_vacancy_02_text.stx	1	Lit Candle	Vela Encendida
latest/win/wrd_data/map_obj_name_text_US.SPC	ID038_vacancy_02_text.stx	2	Floor	Piso
latest/win/wrd_data/map_obj_name_text_US.SPC	ID038_vacancy_02_text.stx	3	Hole in the Corner	Agujero en la Esquina
latest/win/wrd_data/map_obj_name_text_US.SPC	ID040_vacancy_01_text.stx	0	Lit Candle	Vela Encendida
latest/win/wrd_data/map_obj_name_text_US.SPC	ID040_vacancy_01_text.stx	1	Lit Candle	Vela Encendida
latest/win/wrd_data/map_obj_name_text_US.SPC	ID040_vacancy_01_text.stx	2	Floor	Piso
latest/win/wrd_data/map_obj_name_text_US.SPC	ID040_vacancy_01_text.stx	3	Floor With Removed Floorboard	Piso sin una Tabla
latest/win/wrd_data/map_obj_name_text_US.SPC	ID040_vacancy_01_text.stx	4	Crooked Floorboard	Tabla Torcida
latest/win/wrd_data/map_obj_name_text_US.SPC	ID040_vacancy_01_text.stx	5	Hole in the Corner	Agujero en la Esquina
latest/win/wrd_data/map_obj_name_text_US.SPC	ID040_vacancy_01_text.stx	6	Magic Circle	Círculo Mágico
latest/win/wrd_data/map_obj_name_text_US.SPC	ID040_vacancy_01_text.stx	7	Ruined Magic Circle	Círculo Mágico Arruinado
latest/win/wrd_data/map_obj_name_text_US.SPC	ID040_vacancy_01_text.stx	8	Iron Cage Covering Something	Jaula de Hierro Cubriendo Algo
latest/win/wrd_data/map_obj_name_text_US.SPC	ID040_vacancy_01_text.stx	9	Iron Cage	Jaula de Hierro
latest/win/wrd_data/map_obj_name_text_US.SPC	ID040_vacancy_01_text.stx	10	Dog Statue on Iron Cage	Estatua de Perro sobre la Jaula
latest/win/wrd_data/map_obj_name_text_US.SPC	ID040_vacancy_01_text.stx	11	Dog Statue	Estatua de Perro
latest/win/wrd_data/map_obj_name_text_US.SPC	ID040_vacancy_01_text.stx	12	Bloodstain	Mancha de Sangre
latest/win/wrd_data/map_obj_name_text_US.SPC	ID040_vacancy_01_text.stx	13	Marker Stone	Piedra Marcadora
latest/win/wrd_data/map_obj_name_text_US.SPC	ID040_vacancy_01_text.stx	14	White Cloth Over Something	Sábana Blanca Cubriendo Algo
latest/win/wrd_data/map_obj_name_text_US.SPC	ID040_vacancy_01_text.stx	15	White Cloth	Sábana Blanca
latest/win/wrd_data/map_obj_name_text_US.SPC	ID040_vacancy_01_text.stx	16	Curled Up Tenko	Tenko Acurrucada
latest/win/wrd_data/map_obj_name_text_US.SPC	ID040_vacancy_01_text.stx	17	Tenko's Body	Cadáver de Tenko
latest/win/wrd_data/map_obj_name_text_US.SPC	ID040_vacancy_01_text.stx	18	Ruined Magic Circle	Círculo Mágico Arruinado
latest/win/wrd_data/map_obj_name_text_US.SPC	ID041_vacancy_01_text.stx	0	Bloodstain	Mancha de Sangre
latest/win/wrd_data/map_obj_name_text_US.SPC	ID041_vacancy_01_text.stx	1	Bloodstained Board	Tabla Ensangrentada
latest/win/wrd_data/map_obj_name_text_US.SPC	ID041_vacancy_01_text.stx	2	Dried Blood	Sangre Seca
latest/win/wrd_data/map_obj_name_text_US.SPC	ID041_vacancy_01_text.stx	3	Hole	Agujero
latest/win/wrd_data/map_obj_name_text_US.SPC	ID041_vacancy_01_text.stx	4	Bloody Sickle	Hoz Ensangrentada
latest/win/wrd_data/map_obj_name_text_US.SPC	ID041_vacancy_01_text.stx	5	Cut Crosspiece	Travesaño Cortado
latest/win/wrd_data/map_obj_name_text_US.SPC	ID042_sch_1F_text.stx	0	Entrance Door	Puerta de Entrada
latest/win/wrd_data/map_obj_name_text_US.SPC	ID042_sch_1F_text.stx	1	Gym	Gimnasio
latest/win/wrd_data/map_obj_name_text_US.SPC	ID042_sch_1F_text.stx	2	Dining Hall	Comedor
latest/win/wrd_data/map_obj_name_text_US.SPC	ID042_sch_1F_text.stx	3	School Store	Tienda Escolar
latest/win/wrd_data/map_obj_name_text_US.SPC	ID042_sch_1F_text.stx	4	Warehouse	Almacén
latest/win/wrd_data/map_obj_name_text_US.SPC	ID042_sch_1F_text.stx	5	Classroom A	Aula A
latest/win/wrd_data/map_obj_name_text_US.SPC	ID042_sch_1F_text.stx	6	Boys Bathroom	Baño de Chicos
latest/win/wrd_data/map_obj_name_text_US.SPC	ID042_sch_1F_text.stx	7	Geometric Pattern Door	Puerta con Diseño Geométrico
latest/win/wrd_data/map_obj_name_text_US.SPC	ID042_sch_1F_text.stx	8	Girls Bathroom	Baño de Chicas
latest/win/wrd_data/map_obj_name_text_US.SPC	ID042_sch_1F_text.stx	9	Ultimate Magician Lab	Laboratorio de la Maga Definitiva
latest/win/wrd_data/map_obj_name_text_US.SPC	ID042_sch_1F_text.stx	10	Door	Puerta
latest/win/wrd_data/map_obj_name_text_US.SPC	ID042_sch_1F_text.stx	11	Geometric Pattern Door	Puerta con Diseño Geométrico
latest/win/wrd_data/map_obj_name_text_US.SPC	ID042_sch_1F_text.stx	12	2nd Floor	2do Piso
latest/win/wrd_data/map_obj_name_text_US.SPC	ID042_sch_1F_text.stx	13	Basement	Sótano
latest/win/wrd_data/map_obj_name_text_US.SPC	ID042_sch_1F_text.stx	21	End of Hallway	Final del Pasillo
latest/win/wrd_data/map_obj_name_text_US.SPC	ID043_sch_1F_text.stx	0	Entrance Door	Puerta de Entrada
latest/win/wrd_data/map_obj_name_text_US.SPC	ID043_sch_1F_text.stx	1	Gym	Gimnasio
latest/win/wrd_data/map_obj_name_text_US.SPC	ID043_sch_1F_text.stx	2	Dining Hall	Comedor
latest/win/wrd_data/map_obj_name_text_US.SPC	ID043_sch_1F_text.stx	3	School Store	Tienda Escolar
latest/win/wrd_data/map_obj_name_text_US.SPC	ID043_sch_1F_text.stx	4	Warehouse	Almacén
latest/win/wrd_data/map_obj_name_text_US.SPC	ID043_sch_1F_text.stx	5	Classroom A	Aula A
latest/win/wrd_data/map_obj_name_text_US.SPC	ID043_sch_1F_text.stx	6	Boys Bathroom	Baño de Chicos
latest/win/wrd_data/map_obj_name_text_US.SPC	ID043_sch_1F_text.stx	7	Geometric Pattern Door	Puerta con Diseño Geométrico
latest/win/wrd_data/map_obj_name_text_US.SPC	ID043_sch_1F_text.stx	8	Girls Bathroom	Baño de Chicas
latest/win/wrd_data/map_obj_name_text_US.SPC	ID043_sch_1F_text.stx	9	Ultimate Magician Lab	Laboratorio de la Maga Definitiva
latest/win/wrd_data/map_obj_name_text_US.SPC	ID043_sch_1F_text.stx	10	Door	Puerta
latest/win/wrd_data/map_obj_name_text_US.SPC	ID043_sch_1F_text.stx	11	Geometric Pattern Door	Puerta con Diseño Geométrico
latest/win/wrd_data/map_obj_name_text_US.SPC	ID043_sch_1F_text.stx	12	2nd Floor	2do Piso
latest/win/wrd_data/map_obj_name_text_US.SPC	ID043_sch_1F_text.stx	13	Basement	Sótano
latest/win/wrd_data/map_obj_name_text_US.SPC	ID043_sch_1F_text.stx	21	End of Hallway	Final del Pasillo
latest/win/wrd_data/map_obj_name_text_US.SPC	ID044_sch_2F_text.stx	0	Classroom B	Aula B
latest/win/wrd_data/map_obj_name_text_US.SPC	ID044_sch_2F_text.stx	1	Ultimate Pianist Lab	Laboratorio de la Pianista Definitiva
latest/win/wrd_data/map_obj_name_text_US.SPC	ID044_sch_2F_text.stx	2	Ultimate Maid Lab	Laboratorio de la Mucama Definitiva
latest/win/wrd_data/map_obj_name_text_US.SPC	ID044_sch_2F_text.stx	3	Ultimate Entomologist Lab	Laboratorio del Entomólogo Definitivo
latest/win/wrd_data/map_obj_name_text_US.SPC	ID044_sch_2F_text.stx	4	1st Floor	1er Piso
latest/win/wrd_data/map_obj_name_text_US.SPC	ID044_sch_2F_text.stx	5	2nd Floor	2do Piso
latest/win/wrd_data/map_obj_name_text_US.SPC	ID044_sch_2F_text.stx	6	Bronze Dragon Statue	Estatua de Dragón de Bronce
latest/win/wrd_data/map_obj_name_text_US.SPC	ID044_sch_2F_text.stx	7	Treasure Chest	Cofre del Tesoro
latest/win/wrd_data/map_obj_name_text_US.SPC	ID044_sch_2F_text.stx	10	Classroom C	Aula C
latest/win/wrd_data/map_obj_name_text_US.SPC	ID045_sch_6F_text.stx	0	1st Floor Hallway	Pasillo del 1er Piso
latest/win/wrd_data/map_obj_name_text_US.SPC	ID045_sch_6F_text.stx	1	Ultimate Astronaut Lab	Laboratorio del Astronauta Definitivo
latest/win/wrd_data/map_obj_name_text_US.SPC	ID050_sch_B1_text.stx	0	Library	Biblioteca
latest/win/wrd_data/map_obj_name_text_US.SPC	ID050_sch_B1_text.stx	1	A/V Room	Sala de Medios A/V
latest/win/wrd_data/map_obj_name_text_US.SPC	ID050_sch_B1_text.stx	2	Game Room	Sala de Juegos
latest/win/wrd_data/map_obj_name_text_US.SPC	ID050_sch_B1_text.stx	3	Library	Biblioteca
latest/win/wrd_data/map_obj_name_text_US.SPC	ID050_sch_B1_text.stx	4	Air Vent	Ventilación
latest/win/wrd_data/map_obj_name_text_US.SPC	ID050_sch_B1_text.stx	5	1st Floor	1er Piso
latest/win/wrd_data/map_obj_name_text_US.SPC	ID051_sch_1F_text.stx	0	Entrance Door	Puerta de Entrada
latest/win/wrd_data/map_obj_name_text_US.SPC	ID051_sch_1F_text.stx	1	Gym	Gimnasio
latest/win/wrd_data/map_obj_name_text_US.SPC	ID051_sch_1F_text.stx	2	Dining Hall	Comedor
latest/win/wrd_data/map_obj_name_text_US.SPC	ID051_sch_1F_text.stx	3	School Store	Tienda Escolar
latest/win/wrd_data/map_obj_name_text_US.SPC	ID051_sch_1F_text.stx	4	Warehouse	Almacén
latest/win/wrd_data/map_obj_name_text_US.SPC	ID051_sch_1F_text.stx	5	Classroom A	Aula A
latest/win/wrd_data/map_obj_name_text_US.SPC	ID051_sch_1F_text.stx	6	Boys Bathroom	Baño de Chicos
latest/win/wrd_data/map_obj_name_text_US.SPC	ID051_sch_1F_text.stx	7	Geometric Pattern Door	Puerta con Diseño Geométrico
latest/win/wrd_data/map_obj_name_text_US.SPC	ID051_sch_1F_text.stx	8	Girls Bathroom	Baño de Chicas
latest/win/wrd_data/map_obj_name_text_US.SPC	ID051_sch_1F_text.stx	9	Ultimate Magician Lab	Laboratorio de la Maga Definitiva
latest/win/wrd_data/map_obj_name_text_US.SPC	ID051_sch_1F_text.stx	10	Door	Puerta
latest/win/wrd_data/map_obj_name_text_US.SPC	ID051_sch_1F_text.stx	11	Geometric Pattern Door	Puerta con Diseño Geométrico
latest/win/wrd_data/map_obj_name_text_US.SPC	ID051_sch_1F_text.stx	12	2nd Floor	2do Piso
latest/win/wrd_data/map_obj_name_text_US.SPC	ID051_sch_1F_text.stx	13	Basement	Sótano
latest/win/wrd_data/map_obj_name_text_US.SPC	ID051_sch_1F_text.stx	21	End of Hallway	Final del Pasillo
latest/win/wrd_data/map_obj_name_text_US.SPC	ID051_sch_1F_text.stx	22	Grass	Pasto
latest/win/wrd_data/map_obj_name_text_US.SPC	ID051_sch_1F_text.stx	23	Rubble	Escombros
latest/win/wrd_data/map_obj_name_text_US.SPC	ID051_sch_1F_text.stx	24	Rubble	Escombros
latest/win/wrd_data/map_obj_name_text_US.SPC	ID051_sch_1F_text.stx	25	Rubble	Escombros
latest/win/wrd_data/map_obj_name_text_US.SPC	ID051_sch_1F_text.stx	26	Rubble	Escombros
latest/win/wrd_data/map_obj_name_text_US.SPC	ID051_sch_1F_text.stx	27	Rubble	Escombros
latest/win/wrd_data/map_obj_name_text_US.SPC	ID051_sch_1F_text.stx	28	Rubble	Escombros
latest/win/wrd_data/map_obj_name_text_US.SPC	ID051_sch_1F_text.stx	29	Rubble	Escombros
latest/win/wrd_data/map_obj_name_text_US.SPC	ID051_sch_1F_text.stx	30	Rubble	Escombros
latest/win/wrd_data/map_obj_name_text_US.SPC	ID051_sch_1F_text.stx	31	Rubble	Escombros
latest/win/wrd_data/map_obj_name_text_US.SPC	ID051_sch_1F_text.stx	32	Hole in the Floor	Agujero en el Piso
latest/win/wrd_data/map_obj_name_text_US.SPC	ID052_sch_1F_text.stx	0	Entrance Door	Puerta de Entrada
latest/win/wrd_data/map_obj_name_text_US.SPC	ID052_sch_1F_text.stx	1	Gym	Gimnasio
latest/win/wrd_data/map_obj_name_text_US.SPC	ID052_sch_1F_text.stx	2	Dining Hall	Comedor
latest/win/wrd_data/map_obj_name_text_US.SPC	ID052_sch_1F_text.stx	3	School Store	Tienda Escolar
latest/win/wrd_data/map_obj_name_text_US.SPC	ID052_sch_1F_text.stx	4	Warehouse	Almacén
latest/win/wrd_data/map_obj_name_text_US.SPC	ID052_sch_1F_text.stx	5	Classroom A	Aula A
latest/win/wrd_data/map_obj_name_text_US.SPC	ID052_sch_1F_text.stx	6	Boys Bathroom	Baño de Chicos
latest/win/wrd_data/map_obj_name_text_US.SPC	ID052_sch_1F_text.stx	7	Geometric Pattern Door	Puerta con Diseño Geométrico
latest/win/wrd_data/map_obj_name_text_US.SPC	ID052_sch_1F_text.stx	8	Girls Bathroom	Baño de Chicas
latest/win/wrd_data/map_obj_name_text_US.SPC	ID052_sch_1F_text.stx	9	Ultimate Magician Lab	Laboratorio de la Maga Definitiva
latest/win/wrd_data/map_obj_name_text_US.SPC	ID052_sch_1F_text.stx	10	Door	Puerta
latest/win/wrd_data/map_obj_name_text_US.SPC	ID052_sch_1F_text.stx	11	Geometric Pattern Door	Puerta con Diseño Geométrico
latest/win/wrd_data/map_obj_name_text_US.SPC	ID052_sch_1F_text.stx	12	2nd Floor	2do Piso
latest/win/wrd_data/map_obj_name_text_US.SPC	ID052_sch_1F_text.stx	13	Basement	Sótano
latest/win/wrd_data/map_obj_name_text_US.SPC	ID052_sch_1F_text.stx	21	End of Hallway	Final del Pasillo
latest/win/wrd_data/map_obj_name_text_US.SPC	ID052_sch_1F_text.stx	22	Grass	Pasto
latest/win/wrd_data/map_obj_name_text_US.SPC	ID053_sch_2F_text.stx	0	Classroom B	Aula B
latest/win/wrd_data/map_obj_name_text_US.SPC	ID053_sch_2F_text.stx	1	Ultimate Pianist Lab	Laboratorio de la Pianista Definitiva
latest/win/wrd_data/map_obj_name_text_US.SPC	ID053_sch_2F_text.stx	2	Ultimate Maid Lab	Laboratorio de la Mucama Definitiva
latest/win/wrd_data/map_obj_name_text_US.SPC	ID053_sch_2F_text.stx	3	Ultimate Entomologist Lab	Laboratorio del Entomólogo Definitivo
latest/win/wrd_data/map_obj_name_text_US.SPC	ID053_sch_2F_text.stx	4	1st Floor	1er Piso
latest/win/wrd_data/map_obj_name_text_US.SPC	ID053_sch_2F_text.stx	5	2nd Floor	2do Piso
latest/win/wrd_data/map_obj_name_text_US.SPC	ID053_sch_2F_text.stx	6	Bronze Dragon Statue	Estatua de Dragón de Bronce
latest/win/wrd_data/map_obj_name_text_US.SPC	ID053_sch_2F_text.stx	7	Treasure Chest	Cofre del Tesoro
latest/win/wrd_data/map_obj_name_text_US.SPC	ID053_sch_2F_text.stx	10	Classroom C	Aula C
latest/win/wrd_data/map_obj_name_text_US.SPC	ID054_sch_3F_text.stx	0	2nd Floor	2do Piso
latest/win/wrd_data/map_obj_name_text_US.SPC	ID054_sch_3F_text.stx	1	Ultimate Tennis Pro Lab	Laboratorio del Tenista Pro Definitivo
latest/win/wrd_data/map_obj_name_text_US.SPC	ID054_sch_3F_text.stx	2	Door	Puerta
latest/win/wrd_data/map_obj_name_text_US.SPC	ID054_sch_3F_text.stx	3	Door	Puerta
latest/win/wrd_data/map_obj_name_text_US.SPC	ID054_sch_3F_text.stx	4	Door	Puerta
latest/win/wrd_data/map_obj_name_text_US.SPC	ID054_sch_3F_text.stx	5	4th Floor	4to Piso
latest/win/wrd_data/map_obj_name_text_US.SPC	ID054_sch_3F_text.stx	6	Ultimate Assassin Lab	Laboratorio de la Asesina Definitiva
latest/win/wrd_data/map_obj_name_text_US.SPC	ID054_sch_3F_text.stx	7	Door	Puerta
latest/win/wrd_data/map_obj_name_text_US.SPC	ID055_sch_4F_text.stx	0	3rd Floor	3er Piso
latest/win/wrd_data/map_obj_name_text_US.SPC	ID055_sch_4F_text.stx	1	Left Empty Room	Sala Vacía - Izquierda
latest/win/wrd_data/map_obj_name_text_US.SPC	ID055_sch_4F_text.stx	2	Middle Empty Room	Sala Vacía - Medio
latest/win/wrd_data/map_obj_name_text_US.SPC	ID055_sch_4F_text.stx	3	Right Empty Room	Sala Vacía - Derecha
latest/win/wrd_data/map_obj_name_text_US.SPC	ID055_sch_4F_text.stx	4	Computer Room	Sala de Cómputo
latest/win/wrd_data/map_obj_name_text_US.SPC	ID055_sch_4F_text.stx	5	Ultimate Anthropologist Lab (Rear)	Laboratorio del Antropólogo Definitivo (Fondo)
latest/win/wrd_data/map_obj_name_text_US.SPC	ID055_sch_4F_text.stx	6	Ultimate Anthropologist Lab	Laboratorio del Antropólogo Definitivo
latest/win/wrd_data/map_obj_name_text_US.SPC	ID055_sch_4F_text.stx	7	5th Floor	5to Piso
latest/win/wrd_data/map_obj_name_text_US.SPC	ID055_sch_4F_text.stx	8	Ultimate Artist Lab	Laboratorio de la Artista Definitiva
latest/win/wrd_data/map_obj_name_text_US.SPC	ID055_sch_4F_text.stx	9	Ultimate Artist Lab (Rear)	Laboratorio de la Artista Definitiva (Fondo)
latest/win/wrd_data/map_obj_name_text_US.SPC	ID055_sch_4F_text.stx	10	Futuristic Art	Arte Futurista
latest/win/wrd_data/map_obj_name_text_US.SPC	ID055_sch_4F_text.stx	11	Hanging Scroll	Pergamino Colgante
latest/win/wrd_data/map_obj_name_text_US.SPC	ID056_sch_5F_text.stx	0	Ultimate Cosplayer Lab	Laboratorio de la Cosplayer Definitiva
latest/win/wrd_data/map_obj_name_text_US.SPC	ID056_sch_5F_text.stx	1	4th Floor	4to Piso
latest/win/wrd_data/map_obj_name_text_US.SPC	ID056_sch_5F_text.stx	2	Ultimate Detective Lab	Laboratorio del Detective Definitivo
latest/win/wrd_data/map_obj_name_text_US.SPC	ID056_sch_5F_text.stx	3	Ultimate ??? Lab	Laboratorio del ??? Definitivo
latest/win/wrd_data/map_obj_name_text_US.SPC	ID060_warehousea_text.stx	2	Shot Put Ball	Bola de Peso
latest/win/wrd_data/map_obj_name_text_US.SPC	ID060_warehousea_text.stx	3	RC Helicopter	Helicóptero a Control Remoto
latest/win/wrd_data/map_obj_name_text_US.SPC	ID060_warehousea_text.stx	4	High Jump Bar	Barra de Salto Alto
latest/win/wrd_data/map_obj_name_text_US.SPC	ID060_warehousea_text.stx	5	Mat	Colchoneta
latest/win/wrd_data/map_obj_name_text_US.SPC	ID060_warehousea_text.stx	6	Hurdle	Valla
latest/win/wrd_data/map_obj_name_text_US.SPC	ID060_warehousea_text.stx	7	Disposable Camera	Cámara Desechable
latest/win/wrd_data/map_obj_name_text_US.SPC	ID060_warehousea_text.stx	8	Photographic Developer	Revelador Fotográfico
latest/win/wrd_data/map_obj_name_text_US.SPC	ID061_classRoom_A_text.stx	0	Blackboard	Pizarrón
latest/win/wrd_data/map_obj_name_text_US.SPC	ID061_classRoom_A_text.stx	1	Window	Ventana
latest/win/wrd_data/map_obj_name_text_US.SPC	ID061_classRoom_A_text.stx	2	Teacher's Desk	Escritorio del Profesor
latest/win/wrd_data/map_obj_name_text_US.SPC	ID061_classRoom_A_text.stx	3	Closed Door	Puerta Cerrada
latest/win/wrd_data/map_obj_name_text_US.SPC	ID061_classRoom_A_text.stx	4	Open Door	Puerta Abierta
latest/win/wrd_data/map_obj_name_text_US.SPC	ID061_classRoom_A_text.stx	5	Air Vent	Ventilación
latest/win/wrd_data/map_obj_name_text_US.SPC	ID062_classRoom_B_text.stx	0	Blackboard	Pizarrón
latest/win/wrd_data/map_obj_name_text_US.SPC	ID062_classRoom_B_text.stx	1	Window	Ventana
latest/win/wrd_data/map_obj_name_text_US.SPC	ID062_classRoom_B_text.stx	2	Teacher's Desk	Escritorio del Profesor
latest/win/wrd_data/map_obj_name_text_US.SPC	ID062_classRoom_B_text.stx	3	Door	Puerta
latest/win/wrd_data/map_obj_name_text_US.SPC	ID062_classRoom_B_text.stx	4	Locker	Casillero
latest/win/wrd_data/map_obj_name_text_US.SPC	ID062_classRoom_B_text.stx	38	Locker	Casillero
latest/win/wrd_data/map_obj_name_text_US.SPC	ID062_classRoom_B_text.stx	39	Locker	Casillero
latest/win/wrd_data/map_obj_name_text_US.SPC	ID062_classRoom_B_text.stx	40	Blackboard	Pizarrón
latest/win/wrd_data/map_obj_name_text_US.SPC	ID062_classRoom_B_text.stx	41	Blackboard	Pizarrón
latest/win/wrd_data/map_obj_name_text_US.SPC	ID063_classRoom_C_text.stx	0	Blackboard	Pizarrón
latest/win/wrd_data/map_obj_name_text_US.SPC	ID063_classRoom_C_text.stx	1	Window	Ventana
latest/win/wrd_data/map_obj_name_text_US.SPC	ID063_classRoom_C_text.stx	2	Teacher's Desk	Escritorio del Profesor
latest/win/wrd_data/map_obj_name_text_US.SPC	ID063_classRoom_C_text.stx	3	Door	Puerta
latest/win/wrd_data/map_obj_name_text_US.SPC	ID063_classRoom_C_text.stx	4	Locker	Casillero
latest/win/wrd_data/map_obj_name_text_US.SPC	ID063_classRoom_C_text.stx	38	Locker	Casillero
latest/win/wrd_data/map_obj_name_text_US.SPC	ID063_classRoom_C_text.stx	39	Locker	Casillero
latest/win/wrd_data/map_obj_name_text_US.SPC	ID063_classRoom_C_text.stx	40	Blackboard	Pizarrón
latest/win/wrd_data/map_obj_name_text_US.SPC	ID063_classRoom_C_text.stx	41	Blackboard	Pizarrón
latest/win/wrd_data/map_obj_name_text_US.SPC	ID070_sch_1F_text.stx	0	Entrance Door	Puerta de Entrada
latest/win/wrd_data/map_obj_name_text_US.SPC	ID070_sch_1F_text.stx	1	Gym	Gimnasio
latest/win/wrd_data/map_obj_name_text_US.SPC	ID070_sch_1F_text.stx	2	Dining Hall	Comedor
latest/win/wrd_data/map_obj_name_text_US.SPC	ID070_sch_1F_text.stx	3	School Store	Tienda Escolar
latest/win/wrd_data/map_obj_name_text_US.SPC	ID070_sch_1F_text.stx	4	Warehouse	Almacén
latest/win/wrd_data/map_obj_name_text_US.SPC	ID070_sch_1F_text.stx	5	Classroom A	Aula A
latest/win/wrd_data/map_obj_name_text_US.SPC	ID070_sch_1F_text.stx	6	Boys Bathroom	Baño de Chicos
latest/win/wrd_data/map_obj_name_text_US.SPC	ID070_sch_1F_text.stx	7	Geometric Pattern Door	Puerta con Diseño Geométrico
latest/win/wrd_data/map_obj_name_text_US.SPC	ID070_sch_1F_text.stx	8	Girls Bathroom	Baño de Chicas
latest/win/wrd_data/map_obj_name_text_US.SPC	ID070_sch_1F_text.stx	9	Ultimate Magician Lab	Laboratorio de la Maga Definitiva
latest/win/wrd_data/map_obj_name_text_US.SPC	ID070_sch_1F_text.stx	10	Door	Puerta
latest/win/wrd_data/map_obj_name_text_US.SPC	ID070_sch_1F_text.stx	11	Geometric Pattern Door	Puerta con Diseño Geométrico
latest/win/wrd_data/map_obj_name_text_US.SPC	ID070_sch_1F_text.stx	12	2nd Floor	2do Piso
latest/win/wrd_data/map_obj_name_text_US.SPC	ID070_sch_1F_text.stx	13	Basement	Sótano
latest/win/wrd_data/map_obj_name_text_US.SPC	ID070_sch_1F_text.stx	21	End of Hallway	Final del Pasillo
latest/win/wrd_data/map_obj_name_text_US.SPC	ID070_sch_1F_text.stx	22	Grass	Pasto
latest/win/wrd_data/map_obj_name_text_US.SPC	ID071_sch_1F_text.stx	0	Entrance Door	Puerta de Entrada
latest/win/wrd_data/map_obj_name_text_US.SPC	ID071_sch_1F_text.stx	1	Gym	Gimnasio
latest/win/wrd_data/map_obj_name_text_US.SPC	ID071_sch_1F_text.stx	2	Dining Hall	Comedor
latest/win/wrd_data/map_obj_name_text_US.SPC	ID071_sch_1F_text.stx	3	School Store	Tienda Escolar
latest/win/wrd_data/map_obj_name_text_US.SPC	ID071_sch_1F_text.stx	4	Warehouse	Almacén
latest/win/wrd_data/map_obj_name_text_US.SPC	ID071_sch_1F_text.stx	5	Classroom A	Aula A
latest/win/wrd_data/map_obj_name_text_US.SPC	ID071_sch_1F_text.stx	6	Boys Bathroom	Baño de Chicos
latest/win/wrd_data/map_obj_name_text_US.SPC	ID071_sch_1F_text.stx	7	Geometric Pattern Door	Puerta con Diseño Geométrico
latest/win/wrd_data/map_obj_name_text_US.SPC	ID071_sch_1F_text.stx	8	Girls Bathroom	Baño de Chicas
latest/win/wrd_data/map_obj_name_text_US.SPC	ID071_sch_1F_text.stx	9	Ultimate Magician Lab	Laboratorio de la Maga Definitiva
latest/win/wrd_data/map_obj_name_text_US.SPC	ID071_sch_1F_text.stx	10	Door	Puerta
latest/win/wrd_data/map_obj_name_text_US.SPC	ID071_sch_1F_text.stx	11	Geometric Pattern Door	Puerta con Diseño Geométrico
latest/win/wrd_data/map_obj_name_text_US.SPC	ID071_sch_1F_text.stx	12	2nd Floor	2do Piso
latest/win/wrd_data/map_obj_name_text_US.SPC	ID071_sch_1F_text.stx	13	Basement	Sótano
latest/win/wrd_data/map_obj_name_text_US.SPC	ID071_sch_1F_text.stx	21	End of Hallway	Final del Pasillo
latest/win/wrd_data/map_obj_name_text_US.SPC	ID071_sch_1F_text.stx	22	Overgrown Grass	Pasto Crecido
latest/win/wrd_data/map_obj_name_text_US.SPC	ID072_sch_2F_text.stx	0	Classroom B	Aula B
latest/win/wrd_data/map_obj_name_text_US.SPC	ID072_sch_2F_text.stx	1	Ultimate Pianist Lab	Laboratorio de la Pianista Definitiva
latest/win/wrd_data/map_obj_name_text_US.SPC	ID072_sch_2F_text.stx	2	Ultimate Maid Lab	Laboratorio de la Mucama Definitiva
latest/win/wrd_data/map_obj_name_text_US.SPC	ID072_sch_2F_text.stx	3	Ultimate Entomologist Lab	Laboratorio del Entomólogo Definitivo
latest/win/wrd_data/map_obj_name_text_US.SPC	ID072_sch_2F_text.stx	4	1st Floor	1er Piso
latest/win/wrd_data/map_obj_name_text_US.SPC	ID072_sch_2F_text.stx	5	2nd Floor	2do Piso
latest/win/wrd_data/map_obj_name_text_US.SPC	ID072_sch_2F_text.stx	6	Bronze Dragon Statue	Estatua de Dragón de Bronce
latest/win/wrd_data/map_obj_name_text_US.SPC	ID072_sch_2F_text.stx	7	Treasure Chest	Cofre del Tesoro
latest/win/wrd_data/map_obj_name_text_US.SPC	ID072_sch_2F_text.stx	10	Classroom C	Aula C
latest/win/wrd_data/map_obj_name_text_US.SPC	ID073_sch_3F_text.stx	0	Stairs	Escaleras
latest/win/wrd_data/map_obj_name_text_US.SPC	ID073_sch_3F_text.stx	1	Ultimate Tennis Pro Lab	Laboratorio del Tenista Pro Definitivo
latest/win/wrd_data/map_obj_name_text_US.SPC	ID073_sch_3F_text.stx	2	Kaito Lab ※Already removed	Laboratorio de Kaito ※Ya eliminado
latest/win/wrd_data/map_obj_name_text_US.SPC	ID073_sch_3F_text.stx	3	3F Research Lab A ※Already removed	Laboratorio A del 3er Piso ※Ya eliminado
latest/win/wrd_data/map_obj_name_text_US.SPC	ID073_sch_3F_text.stx	4	3F Research Lab B ※Already removed	Laboratorio B del 3er Piso ※Ya eliminado
latest/win/wrd_data/map_obj_name_text_US.SPC	ID073_sch_3F_text.stx	5	Stairs	Escaleras
latest/win/wrd_data/map_obj_name_text_US.SPC	ID073_sch_3F_text.stx	6	Ultimate Assassin Lab	Laboratorio de la Asesina Definitiva
latest/win/wrd_data/map_obj_name_text_US.SPC	ID073_sch_3F_text.stx	7	Large Door	Puerta Grande
latest/win/wrd_data/map_obj_name_text_US.SPC	ID074_sch_B1_text.stx	0	Library	Biblioteca
latest/win/wrd_data/map_obj_name_text_US.SPC	ID074_sch_B1_text.stx	1	A/V Room	Sala de Medios A/V
latest/win/wrd_data/map_obj_name_text_US.SPC	ID074_sch_B1_text.stx	2	Game Room	Sala de Juegos
latest/win/wrd_data/map_obj_name_text_US.SPC	ID074_sch_B1_text.stx	3	Library	Biblioteca
latest/win/wrd_data/map_obj_name_text_US.SPC	ID074_sch_B1_text.stx	4	Air Vent	Ventilación
latest/win/wrd_data/map_obj_name_text_US.SPC	ID074_sch_B1_text.stx	5	1st Floor	1er Piso
latest/win/wrd_data/map_obj_name_text_US.SPC	ID076_wc_text.stx	1	Utility Closet	Cuarto de Servicio
latest/win/wrd_data/map_obj_name_text_US.SPC	ID076_wc_text.stx	2	Utility Closet	Cuarto de Servicio
latest/win/wrd_data/map_obj_name_text_US.SPC	ID076_wc_text.stx	3	Utility Closet Wall	Pared del Cuarto de Servicio
latest/win/wrd_data/map_obj_name_text_US.SPC	ID076_wc_text.stx	4	Utility Closet Wall	Pared del Cuarto de Servicio
latest/win/wrd_data/map_obj_name_text_US.SPC	ID076_wc_text.stx	5	Hidden Passage Entrance	Entrada al Pasadizo Oculto
latest/win/wrd_data/map_obj_name_text_US.SPC	ID100_residence_text.stx	0	Door	Puerta
latest/win/wrd_data/map_obj_name_text_US.SPC	ID100_residence_text.stx	1	Door	Puerta
latest/win/wrd_data/map_obj_name_text_US.SPC	ID100_residence_text.stx	2	Door	Puerta
latest/win/wrd_data/map_obj_name_text_US.SPC	ID100_residence_text.stx	3	Door	Puerta
latest/win/wrd_data/map_obj_name_text_US.SPC	ID100_residence_text.stx	4	Door	Puerta
latest/win/wrd_data/map_obj_name_text_US.SPC	ID100_residence_text.stx	5	Door	Puerta
latest/win/wrd_data/map_obj_name_text_US.SPC	ID100_residence_text.stx	6	Door	Puerta
latest/win/wrd_data/map_obj_name_text_US.SPC	ID100_residence_text.stx	7	Door	Puerta
latest/win/wrd_data/map_obj_name_text_US.SPC	ID100_residence_text.stx	8	Door	Puerta
latest/win/wrd_data/map_obj_name_text_US.SPC	ID100_residence_text.stx	9	Door	Puerta
latest/win/wrd_data/map_obj_name_text_US.SPC	ID100_residence_text.stx	10	Door	Puerta
latest/win/wrd_data/map_obj_name_text_US.SPC	ID100_residence_text.stx	11	Door	Puerta
latest/win/wrd_data/map_obj_name_text_US.SPC	ID100_residence_text.stx	12	Door	Puerta
latest/win/wrd_data/map_obj_name_text_US.SPC	ID100_residence_text.stx	13	Door	Puerta
latest/win/wrd_data/map_obj_name_text_US.SPC	ID100_residence_text.stx	14	Door	Puerta
latest/win/wrd_data/map_obj_name_text_US.SPC	ID100_residence_text.stx	15	Door	Puerta
latest/win/wrd_data/map_obj_name_text_US.SPC	ID100_residence_text.stx	16	Door	Puerta
latest/win/wrd_data/map_obj_name_text_US.SPC	ID101_Private_00_text.stx	0	Door	Puerta
latest/win/wrd_data/map_obj_name_text_US.SPC	ID101_Private_00_text.stx	2	Bed	Cama
latest/win/wrd_data/map_obj_name_text_US.SPC	ID101_Private_00_text.stx	3	Lighting	Iluminación
latest/win/wrd_data/map_obj_name_text_US.SPC	ID101_Private_00_text.stx	4	Closet	Clóset
latest/win/wrd_data/map_obj_name_text_US.SPC	ID101_Private_00_text.stx	5	Shelf	Estante
latest/win/wrd_data/map_obj_name_text_US.SPC	ID101_Private_00_text.stx	6	Hidden Monokuma No. 1	Monokuma Oculto N.º 1
latest/win/wrd_data/map_obj_name_text_US.SPC	ID101_Private_00_text.stx	7	Hidden Monokuma No. 2	Monokuma Oculto N.º 2
latest/win/wrd_data/map_obj_name_text_US.SPC	ID101_Private_00_text.stx	8	Hidden Monokuma No. 3	Monokuma Oculto N.º 3
latest/win/wrd_data/map_obj_name_text_US.SPC	ID101_Private_00_text.stx	9	Hidden Monokuma No. 4	Monokuma Oculto N.º 4
latest/win/wrd_data/map_obj_name_text_US.SPC	ID101_Private_00_text.stx	10	Hidden Monokuma No. 5	Monokuma Oculto N.º 5
latest/win/wrd_data/map_obj_name_text_US.SPC	ID101_Private_00_text.stx	11	Hidden Monokuma No. 6	Monokuma Oculto N.º 6
latest/win/wrd_data/map_obj_name_text_US.SPC	ID101_Private_00_text.stx	12	Hidden Monokuma No. 7	Monokuma Oculto N.º 7
latest/win/wrd_data/map_obj_name_text_US.SPC	ID101_Private_00_text.stx	13	Hidden Monokuma No. 8	Monokuma Oculto N.º 8
latest/win/wrd_data/map_obj_name_text_US.SPC	ID101_Private_00_text.stx	14	Hidden Monokuma No. 9	Monokuma Oculto N.º 9
latest/win/wrd_data/map_obj_name_text_US.SPC	ID101_Private_00_text.stx	15	Hidden Monokuma No. 10	Monokuma Oculto N.º 10
latest/win/wrd_data/map_obj_name_text_US.SPC	ID101_Private_00_text.stx	16	Hidden Monokuma No. 11	Monokuma Oculto N.º 11
latest/win/wrd_data/map_obj_name_text_US.SPC	ID101_Private_00_text.stx	17	Hidden Monokuma No. 12	Monokuma Oculto N.º 12
latest/win/wrd_data/map_obj_name_text_US.SPC	ID101_Private_00_text.stx	18	Hidden Monokuma No. 13	Monokuma Oculto N.º 13
latest/win/wrd_data/map_obj_name_text_US.SPC	ID101_Private_00_text.stx	19	Hidden Monokuma No. 14	Monokuma Oculto N.º 14
latest/win/wrd_data/map_obj_name_text_US.SPC	ID101_Private_00_text.stx	20	Hidden Monokuma No. 15	Monokuma Oculto N.º 15
latest/win/wrd_data/map_obj_name_text_US.SPC	ID101_Private_00_text.stx	21	Hidden Monokuma No. 16	Monokuma Oculto N.º 16
latest/win/wrd_data/map_obj_name_text_US.SPC	ID101_Private_00_text.stx	22	Hidden Monokuma No. 17	Monokuma Oculto N.º 17
latest/win/wrd_data/map_obj_name_text_US.SPC	ID101_Private_00_text.stx	23	Hidden Monokuma No. 18	Monokuma Oculto N.º 18
latest/win/wrd_data/map_obj_name_text_US.SPC	ID101_Private_00_text.stx	24	Hidden Monokuma No. 19	Monokuma Oculto N.º 19
latest/win/wrd_data/map_obj_name_text_US.SPC	ID101_Private_00_text.stx	25	Hidden Monokuma No. 20	Monokuma Oculto N.º 20
latest/win/wrd_data/map_obj_name_text_US.SPC	ID101_Private_00_text.stx	26	Hidden Monokuma No. 21	Monokuma Oculto N.º 21
latest/win/wrd_data/map_obj_name_text_US.SPC	ID101_Private_00_text.stx	27	Hidden Monokuma No. 22	Monokuma Oculto N.º 22
latest/win/wrd_data/map_obj_name_text_US.SPC	ID101_Private_00_text.stx	28	Hidden Monokuma No. 23	Monokuma Oculto N.º 23
latest/win/wrd_data/map_obj_name_text_US.SPC	ID101_Private_00_text.stx	29	Hidden Monokuma No. 24	Monokuma Oculto N.º 24
latest/win/wrd_data/map_obj_name_text_US.SPC	ID101_Private_00_text.stx	30	Hidden Monokuma No. 25	Monokuma Oculto N.º 25
latest/win/wrd_data/map_obj_name_text_US.SPC	ID101_Private_00_text.stx	31	Hidden Monokuma No. 26	Monokuma Oculto N.º 26
latest/win/wrd_data/map_obj_name_text_US.SPC	ID101_Private_00_text.stx	32	Hidden Monokuma No. 27	Monokuma Oculto N.º 27
latest/win/wrd_data/map_obj_name_text_US.SPC	ID101_Private_00_text.stx	33	Hidden Monokuma No. 28	Monokuma Oculto N.º 28
latest/win/wrd_data/map_obj_name_text_US.SPC	ID101_Private_00_text.stx	34	Hidden Monokuma No. 29	Monokuma Oculto N.º 29
latest/win/wrd_data/map_obj_name_text_US.SPC	ID101_Private_00_text.stx	35	Hidden Monokuma No. 30	Monokuma Oculto N.º 30
latest/win/wrd_data/map_obj_name_text_US.SPC	ID101_Private_00_text.stx	43	Electrohammer	Electromartillo
latest/win/wrd_data/map_obj_name_text_US.SPC	ID101_Private_00_text.stx	44	Electrohammer	Electromartillo
latest/win/wrd_data/map_obj_name_text_US.SPC	ID103_Private_02_text.stx	0	Door	Puerta
latest/win/wrd_data/map_obj_name_text_US.SPC	ID103_Private_02_text.stx	2	Bed	Cama
latest/win/wrd_data/map_obj_name_text_US.SPC	ID103_Private_02_text.stx	3	Lighting	Iluminación
latest/win/wrd_data/map_obj_name_text_US.SPC	ID103_Private_02_text.stx	4	Closet	Clóset
latest/win/wrd_data/map_obj_name_text_US.SPC	ID103_Private_02_text.stx	5	Sofa	Sofá
latest/win/wrd_data/map_obj_name_text_US.SPC	ID103_Private_02_text.stx	6	Table	Mesa
latest/win/wrd_data/map_obj_name_text_US.SPC	ID103_Private_02_text.stx	7	Desk	Escritorio
latest/win/wrd_data/map_obj_name_text_US.SPC	ID103_Private_02_text.stx	8	Chair	Silla
latest/win/wrd_data/map_obj_name_text_US.SPC	ID103_Private_02_text.stx	9	Drawer	Cajón
latest/win/wrd_data/map_obj_name_text_US.SPC	ID103_Private_02_text.stx	10	Drawer	Cajón
latest/win/wrd_data/map_obj_name_text_US.SPC	ID103_Private_02_text.stx	11	Indirect Lighting	Luz Indirecta
latest/win/wrd_data/map_obj_name_text_US.SPC	ID106_Private_05_text.stx	0	Door	Puerta
latest/win/wrd_data/map_obj_name_text_US.SPC	ID106_Private_05_text.stx	2	Bed	Cama
latest/win/wrd_data/map_obj_name_text_US.SPC	ID106_Private_05_text.stx	3	Lighting	Iluminación
latest/win/wrd_data/map_obj_name_text_US.SPC	ID106_Private_05_text.stx	4	Closet	Clóset
latest/win/wrd_data/map_obj_name_text_US.SPC	ID106_Private_05_text.stx	5	Sofa	Sofá
latest/win/wrd_data/map_obj_name_text_US.SPC	ID106_Private_05_text.stx	6	Table	Mesa
latest/win/wrd_data/map_obj_name_text_US.SPC	ID106_Private_05_text.stx	7	Desk	Escritorio
latest/win/wrd_data/map_obj_name_text_US.SPC	ID106_Private_05_text.stx	8	Chair	Silla
latest/win/wrd_data/map_obj_name_text_US.SPC	ID106_Private_05_text.stx	9	Indirect Lighting	Luz Indirecta
latest/win/wrd_data/map_obj_name_text_US.SPC	ID106_Private_05_text.stx	10	Drawer	Cajón
latest/win/wrd_data/map_obj_name_text_US.SPC	ID106_Private_05_text.stx	11	Trash Can	Bote de Basura
latest/win/wrd_data/map_obj_name_text_US.SPC	ID106_Private_05_text.stx	12	Collected Evidence	Pruebas Reunidas
latest/win/wrd_data/map_obj_name_text_US.SPC	ID106_Private_05_text.stx	13	Box of Documents	Caja de Documentos
latest/win/wrd_data/map_obj_name_text_US.SPC	ID116_Private_15_text.stx	0	Door	Puerta
latest/win/wrd_data/map_obj_name_text_US.SPC	ID116_Private_15_text.stx	2	Bed	Cama
latest/win/wrd_data/map_obj_name_text_US.SPC	ID116_Private_15_text.stx	3	Lighting	Iluminación
latest/win/wrd_data/map_obj_name_text_US.SPC	ID116_Private_15_text.stx	4	Closet	Clóset
latest/win/wrd_data/map_obj_name_text_US.SPC	ID116_Private_15_text.stx	12	Key	Llave
latest/win/wrd_data/map_obj_name_text_US.SPC	ID116_Private_15_text.stx	13	Key Stand	Soporte de Llaves
latest/win/wrd_data/map_obj_name_text_US.SPC	ID130_lab_saihara_text.stx	1	Chemicals Shelf	Estante de Químicos
latest/win/wrd_data/map_obj_name_text_US.SPC	ID130_lab_saihara_text.stx	2	Bookshelf	Estante de Libros
latest/win/wrd_data/map_obj_name_text_US.SPC	ID130_lab_saihara_text.stx	3	Table	Mesa
latest/win/wrd_data/map_obj_name_text_US.SPC	ID130_lab_saihara_text.stx	4	Table	Mesa
latest/win/wrd_data/map_obj_name_text_US.SPC	ID130_lab_saihara_text.stx	5	Table	Mesa
latest/win/wrd_data/map_obj_name_text_US.SPC	ID130_lab_saihara_text.stx	6	Sofa	Sofá
latest/win/wrd_data/map_obj_name_text_US.SPC	ID130_lab_saihara_text.stx	7	Sofa	Sofá
latest/win/wrd_data/map_obj_name_text_US.SPC	ID130_lab_saihara_text.stx	8	Rocking Chair	Mecedora
latest/win/wrd_data/map_obj_name_text_US.SPC	ID130_lab_saihara_text.stx	9	Chair	Silla
latest/win/wrd_data/map_obj_name_text_US.SPC	ID130_lab_saihara_text.stx	10	Things on the Desk	Cosas sobre el Escritorio
latest/win/wrd_data/map_obj_name_text_US.SPC	ID130_lab_saihara_text.stx	11	Things on the Desk	Cosas sobre el Escritorio
latest/win/wrd_data/map_obj_name_text_US.SPC	ID130_lab_saihara_text.stx	12	Things on the Desk	Cosas sobre el Escritorio
latest/win/wrd_data/map_obj_name_text_US.SPC	ID130_lab_saihara_text.stx	13	Things on the Desk	Cosas sobre el Escritorio
latest/win/wrd_data/map_obj_name_text_US.SPC	ID130_lab_saihara_text.stx	14	Things on the Desk	Cosas sobre el Escritorio
latest/win/wrd_data/map_obj_name_text_US.SPC	ID130_lab_saihara_text.stx	15	Things on the Desk	Cosas sobre el Escritorio
latest/win/wrd_data/map_obj_name_text_US.SPC	ID130_lab_saihara_text.stx	16	Things on the Desk	Cosas sobre el Escritorio
latest/win/wrd_data/map_obj_name_text_US.SPC	ID130_lab_saihara_text.stx	17	Clock	Reloj
latest/win/wrd_data/map_obj_name_text_US.SPC	ID130_lab_saihara_text.stx	18	Indirect Lighting	Luz Indirecta
latest/win/wrd_data/map_obj_name_text_US.SPC	ID130_lab_saihara_text.stx	19	Small Glass Bottles	Botellitas de Vidrio
latest/win/wrd_data/map_obj_name_text_US.SPC	ID131_lab_momota_text.stx	1	Door	Puerta
latest/win/wrd_data/map_obj_name_text_US.SPC	ID131_lab_momota_text.stx	2	Cockpit	Cabina
latest/win/wrd_data/map_obj_name_text_US.SPC	ID131_lab_momota_text.stx	3	Planetarium Device	Proyector de Planetario
latest/win/wrd_data/map_obj_name_text_US.SPC	ID131_lab_momota_text.stx	4	Mysterious Machine	Máquina Misteriosa
latest/win/wrd_data/map_obj_name_text_US.SPC	ID131_lab_momota_text.stx	5	Mysterious Machine	Máquina Misteriosa
latest/win/wrd_data/map_obj_name_text_US.SPC	ID131_lab_momota_text.stx	6	Chair	Silla
latest/win/wrd_data/map_obj_name_text_US.SPC	ID131_lab_momota_text.stx	7	Chair	Silla
latest/win/wrd_data/map_obj_name_text_US.SPC	ID131_lab_momota_text.stx	8	Window	Ventana
latest/win/wrd_data/map_obj_name_text_US.SPC	ID131_lab_momota_text.stx	9	Window	Ventana
latest/win/wrd_data/map_obj_name_text_US.SPC	ID131_lab_momota_text.stx	10	Window	Ventana
latest/win/wrd_data/map_obj_name_text_US.SPC	ID131_lab_momota_text.stx	11	Window	Ventana
latest/win/wrd_data/map_obj_name_text_US.SPC	ID131_lab_momota_text.stx	12	Large Hole	Agujero Grande
latest/win/wrd_data/map_obj_name_text_US.SPC	ID132_lab_hoshi_text.stx	1	Door to Hallway	Puerta al Pasillo
latest/win/wrd_data/map_obj_name_text_US.SPC	ID132_lab_hoshi_text.stx	2	Shower Room	Sala de Ducha
latest/win/wrd_data/map_obj_name_text_US.SPC	ID132_lab_hoshi_text.stx	3	Tennis Net	Red de Tenis
latest/win/wrd_data/map_obj_name_text_US.SPC	ID132_lab_hoshi_text.stx	4	Tennis Net	Red de Tenis
latest/win/wrd_data/map_obj_name_text_US.SPC	ID132_lab_hoshi_text.stx	24	Bundled Cord	Cable Enrollado
latest/win/wrd_data/map_obj_name_text_US.SPC	ID134_lab_hoshi_shower_text.stx	1	Window	Ventana
latest/win/wrd_data/map_obj_name_text_US.SPC	ID134_lab_hoshi_shower_text.stx	2	Handcuffs	Esposas
latest/win/wrd_data/map_obj_name_text_US.SPC	ID134_lab_hoshi_shower_text.stx	3	Sink	Lavabo
latest/win/wrd_data/map_obj_name_text_US.SPC	ID134_lab_hoshi_shower_text.stx	4	Closed Window	Ventana Cerrada
latest/win/wrd_data/map_obj_name_text_US.SPC	ID134_lab_hoshi_shower_text.stx	5	Open Window	Ventana Abierta
latest/win/wrd_data/map_obj_name_text_US.SPC	ID135_lab_amami_text.stx	2	Giant Vault	Bóveda Gigante
latest/win/wrd_data/map_obj_name_text_US.SPC	ID135_lab_amami_text.stx	3	Monokuma USB	USB de Monokuma
latest/win/wrd_data/map_obj_name_text_US.SPC	ID135_lab_amami_text.stx	4	Fake Money	Dinero Falso
latest/win/wrd_data/map_obj_name_text_US.SPC	ID135_lab_amami_text.stx	5	Russian Roulette Gun	Pistola de Ruleta Rusa
latest/win/wrd_data/map_obj_name_text_US.SPC	ID135_lab_amami_text.stx	6	Dealer Mask	Máscara de Crupier
latest/win/wrd_data/map_obj_name_text_US.SPC	ID135_lab_amami_text.stx	7	Hanging Paper	Papel Colgado
latest/win/wrd_data/map_obj_name_text_US.SPC	ID136_lab_gokuhara_text.stx	1	Insect Specimens	Especímenes de Insectos
latest/win/wrd_data/map_obj_name_text_US.SPC	ID136_lab_gokuhara_text.stx	2	Arranged Books	Libros Ordenados
latest/win/wrd_data/map_obj_name_text_US.SPC	ID136_lab_gokuhara_text.stx	3	Bug Cage	Jaula de Insectos
latest/win/wrd_data/map_obj_name_text_US.SPC	ID136_lab_gokuhara_text.stx	4	Door to Hallway	Puerta al Pasillo
latest/win/wrd_data/map_obj_name_text_US.SPC	ID137_lab_oma_text.stx	0	Showcase	Vitrina
latest/win/wrd_data/map_obj_name_text_US.SPC	ID137_lab_oma_text.stx	1	Shelf	Estante
latest/win/wrd_data/map_obj_name_text_US.SPC	ID137_lab_oma_text.stx	3	Supercar	Superauto
latest/win/wrd_data/map_obj_name_text_US.SPC	ID137_lab_oma_text.stx	4	Central Chair	Silla Central
latest/win/wrd_data/map_obj_name_text_US.SPC	ID137_lab_oma_text.stx	5	Cave Wall	Pared de la Cueva
latest/win/wrd_data/map_obj_name_text_US.SPC	ID137_lab_oma_text.stx	6	Emblem	Emblema
latest/win/wrd_data/map_obj_name_text_US.SPC	ID137_lab_oma_text.stx	7	Book	Libro
latest/win/wrd_data/map_obj_name_text_US.SPC	ID137_lab_oma_text.stx	8	Helicopter	Helicóptero
latest/win/wrd_data/map_obj_name_text_US.SPC	ID137_lab_oma_text.stx	9	Helicopter Controller	Control del Helicóptero
latest/win/wrd_data/map_obj_name_text_US.SPC	ID138_lab_shinguji_text.stx	0	Door to Hallway	Puerta al Pasillo
latest/win/wrd_data/map_obj_name_text_US.SPC	ID138_lab_shinguji_text.stx	1	Back Door	Puerta Trasera
latest/win/wrd_data/map_obj_name_text_US.SPC	ID138_lab_shinguji_text.stx	3	Dog Statue	Estatua de Perro
latest/win/wrd_data/map_obj_name_text_US.SPC	ID138_lab_shinguji_text.stx	4	Window	Ventana
latest/win/wrd_data/map_obj_name_text_US.SPC	ID138_lab_shinguji_text.stx	5	Cloth	Tela
latest/win/wrd_data/map_obj_name_text_US.SPC	ID138_lab_shinguji_text.stx	6	Metal Cage	Jaula de Metal
latest/win/wrd_data/map_obj_name_text_US.SPC	ID138_lab_shinguji_text.stx	7	Gold Leaf Katana	Katana Batida en Oro
latest/win/wrd_data/map_obj_name_text_US.SPC	ID138_lab_shinguji_text.stx	8	Exhibit Case	Vitrina
latest/win/wrd_data/map_obj_name_text_US.SPC	ID138_lab_shinguji_text.stx	9	Bookshelf	Estante de Libros
latest/win/wrd_data/map_obj_name_text_US.SPC	ID138_lab_shinguji_text.stx	10	Book	Libro
latest/win/wrd_data/map_obj_name_text_US.SPC	ID138_lab_shinguji_text.stx	11	Folded Cloth	Tela Doblada
latest/win/wrd_data/map_obj_name_text_US.SPC	ID138_lab_shinguji_text.stx	12	Showcase	Vitrina
latest/win/wrd_data/map_obj_name_text_US.SPC	ID138_lab_shinguji_text.stx	13	Exhibit Case	Vitrina
latest/win/wrd_data/map_obj_name_text_US.SPC	ID138_lab_shinguji_text.stx	14	Showcase	Vitrina
latest/win/wrd_data/map_obj_name_text_US.SPC	ID147_lab_tojo_text.stx	0	Washing Machine	Lavadora
latest/win/wrd_data/map_obj_name_text_US.SPC	ID147_lab_tojo_text.stx	1	Cleaning Machine	Máquina de Limpieza
latest/win/wrd_data/map_obj_name_text_US.SPC	ID147_lab_tojo_text.stx	3	Closet Door	Puerta del Clóset
latest/win/wrd_data/map_obj_name_text_US.SPC	ID147_lab_tojo_text.stx	4	Closet Door	Puerta del Clóset
latest/win/wrd_data/map_obj_name_text_US.SPC	ID147_lab_tojo_text.stx	5	Small Table	Mesita
latest/win/wrd_data/map_obj_name_text_US.SPC	ID147_lab_tojo_text.stx	6	Cabinet 1	Gabinete 1
latest/win/wrd_data/map_obj_name_text_US.SPC	ID147_lab_tojo_text.stx	7	Dining Table	Mesa del Comedor
latest/win/wrd_data/map_obj_name_text_US.SPC	ID147_lab_tojo_text.stx	8	Small Table	Mesita
latest/win/wrd_data/map_obj_name_text_US.SPC	ID147_lab_tojo_text.stx	9	Sofa	Sofá
latest/win/wrd_data/map_obj_name_text_US.SPC	ID147_lab_tojo_text.stx	10	Chair	Silla
latest/win/wrd_data/map_obj_name_text_US.SPC	ID147_lab_tojo_text.stx	11	Chair	Silla
latest/win/wrd_data/map_obj_name_text_US.SPC	ID147_lab_tojo_text.stx	12	Chair	Silla
latest/win/wrd_data/map_obj_name_text_US.SPC	ID147_lab_tojo_text.stx	13	Chair	Silla
latest/win/wrd_data/map_obj_name_text_US.SPC	ID147_lab_tojo_text.stx	14	Chair	Silla
latest/win/wrd_data/map_obj_name_text_US.SPC	ID147_lab_tojo_text.stx	15	Chair	Silla
latest/win/wrd_data/map_obj_name_text_US.SPC	ID147_lab_tojo_text.stx	16	Cabinet 1	Gabinete 1
latest/win/wrd_data/map_obj_name_text_US.SPC	ID147_lab_tojo_text.stx	17	Sofa	Sofá
latest/win/wrd_data/map_obj_name_text_US.SPC	ID147_lab_tojo_text.stx	18	Small Table	Mesita
latest/win/wrd_data/map_obj_name_text_US.SPC	ID147_lab_tojo_text.stx	19	Work Table	Mesa de Trabajo
latest/win/wrd_data/map_obj_name_text_US.SPC	ID147_lab_tojo_text.stx	20	Family	Familia
latest/win/wrd_data/map_obj_name_text_US.SPC	ID147_lab_tojo_text.stx	21	Family	Familia
latest/win/wrd_data/map_obj_name_text_US.SPC	ID147_lab_tojo_text.stx	22	Family	Familia
latest/win/wrd_data/map_obj_name_text_US.SPC	ID147_lab_tojo_text.stx	23	Family	Familia
latest/win/wrd_data/map_obj_name_text_US.SPC	ID147_lab_tojo_text.stx	24	Child	Niño
latest/win/wrd_data/map_obj_name_text_US.SPC	ID147_lab_tojo_text.stx	25	Chandelier	Candelabro
latest/win/wrd_data/map_obj_name_text_US.SPC	ID147_lab_tojo_text.stx	26	Entrance Door	Puerta de Entrada
latest/win/wrd_data/map_obj_name_text_US.SPC	ID148_lab_yumeno_text.stx	1	Cauldron	Caldero
latest/win/wrd_data/map_obj_name_text_US.SPC	ID148_lab_yumeno_text.stx	2	Saw	Sierra
latest/win/wrd_data/map_obj_name_text_US.SPC	ID148_lab_yumeno_text.stx	3	Sword Stabbing Box	Caja de Espadas
latest/win/wrd_data/map_obj_name_text_US.SPC	ID148_lab_yumeno_text.stx	4	Body Sawing Box	Caja para Serrar Personas
latest/win/wrd_data/map_obj_name_text_US.SPC	ID148_lab_yumeno_text.stx	5	Birdcage	Jaula de Pájaro
latest/win/wrd_data/map_obj_name_text_US.SPC	ID148_lab_yumeno_text.stx	6	Guillotine	Guillotina
latest/win/wrd_data/map_obj_name_text_US.SPC	ID148_lab_yumeno_text.stx	7	Small Water Tank	Tanque de Agua Pequeño
latest/win/wrd_data/map_obj_name_text_US.SPC	ID148_lab_yumeno_text.stx	8	Large Water Tank	Tanque de Agua Grande
latest/win/wrd_data/map_obj_name_text_US.SPC	ID148_lab_yumeno_text.stx	9	Large Water Tank	Tanque de Agua Grande
latest/win/wrd_data/map_obj_name_text_US.SPC	ID149_lab_yumeno_text.stx	1	Large Water Tank	Tanque de Agua Grande
latest/win/wrd_data/map_obj_name_text_US.SPC	ID149_lab_yumeno_text.stx	2	Large Water Tank	Tanque de Agua Grande
latest/win/wrd_data/map_obj_name_text_US.SPC	ID149_lab_yumeno_text.stx	3	Saw	Sierra
latest/win/wrd_data/map_obj_name_text_US.SPC	ID149_lab_yumeno_text.stx	4	Body Sawing Box	Caja para Serrar Personas
latest/win/wrd_data/map_obj_name_text_US.SPC	ID149_lab_yumeno_text.stx	5	Sword Stabbing Box	Caja de Espadas
latest/win/wrd_data/map_obj_name_text_US.SPC	ID149_lab_yumeno_text.stx	6	Birdcage	Jaula de Pájaro
latest/win/wrd_data/map_obj_name_text_US.SPC	ID149_lab_yumeno_text.stx	7	Small Water Tank	Tanque de Agua Pequeño
latest/win/wrd_data/map_obj_name_text_US.SPC	ID149_lab_yumeno_text.stx	8	Large Water Tank	Tanque de Agua Grande
latest/win/wrd_data/map_obj_name_text_US.SPC	ID149_lab_yumeno_text.stx	9	Large Water Tank	Tanque de Agua Grande
latest/win/wrd_data/map_obj_name_text_US.SPC	ID150_lab_harukawa_text.stx	1	Black Case	Estuche Negro
latest/win/wrd_data/map_obj_name_text_US.SPC	ID150_lab_harukawa_text.stx	2	Black Case	Estuche Negro
latest/win/wrd_data/map_obj_name_text_US.SPC	ID150_lab_harukawa_text.stx	3	Weapon Shelf	Estante de Armas
latest/win/wrd_data/map_obj_name_text_US.SPC	ID150_lab_harukawa_text.stx	4	Weapon Shelf	Estante de Armas
latest/win/wrd_data/map_obj_name_text_US.SPC	ID150_lab_harukawa_text.stx	14	Firearms	Armas de Fuego
latest/win/wrd_data/map_obj_name_text_US.SPC	ID150_lab_harukawa_text.stx	15	Weapon Shelf	Estante de Armas
latest/win/wrd_data/map_obj_name_text_US.SPC	ID151_lab_chabasira_text.stx	1	Giant Wooden Doll	Muñeco de Madera Gigante
latest/win/wrd_data/map_obj_name_text_US.SPC	ID151_lab_chabasira_text.stx	2	Mat	Colchoneta
latest/win/wrd_data/map_obj_name_text_US.SPC	ID151_lab_chabasira_text.stx	3	Neon Signboard	Letrero de Neón
latest/win/wrd_data/map_obj_name_text_US.SPC	ID151_lab_chabasira_text.stx	4	Pole Scaffold	Andamio de Tubos
latest/win/wrd_data/map_obj_name_text_US.SPC	ID151_lab_chabasira_text.stx	5	Suspended Scaffold	Andamio Colgante
latest/win/wrd_data/map_obj_name_text_US.SPC	ID151_lab_chabasira_text.stx	19	Neon Signboard	Letrero de Neón
latest/win/wrd_data/map_obj_name_text_US.SPC	ID151_lab_chabasira_text.stx	20	Neon Signboard	Letrero de Neón
latest/win/wrd_data/map_obj_name_text_US.SPC	ID151_lab_chabasira_text.stx	21	Neon Signboard	Letrero de Neón
latest/win/wrd_data/map_obj_name_text_US.SPC	ID151_lab_chabasira_text.stx	22	Balance Pole	Barra de Equilibrio
latest/win/wrd_data/map_obj_name_text_US.SPC	ID151_lab_chabasira_text.stx	23	Balance Pole	Barra de Equilibrio
latest/win/wrd_data/map_obj_name_text_US.SPC	ID152_lab_shirogane_text.stx	1	Giant Studio Set	Set de Estudio Gigante
latest/win/wrd_data/map_obj_name_text_US.SPC	ID152_lab_shirogane_text.stx	2	Bar Set	Barra de Bar
latest/win/wrd_data/map_obj_name_text_US.SPC	ID152_lab_shirogane_text.stx	3	Filming Set	Set de Filmación
latest/win/wrd_data/map_obj_name_text_US.SPC	ID152_lab_shirogane_text.stx	4	Workshop	Taller
latest/win/wrd_data/map_obj_name_text_US.SPC	ID153_lab_yonaga_text.stx	1	Lump of Wax	Trozo de Cera
latest/win/wrd_data/map_obj_name_text_US.SPC	ID153_lab_yonaga_text.stx	2	Front Door	Puerta Principal
latest/win/wrd_data/map_obj_name_text_US.SPC	ID153_lab_yonaga_text.stx	3	Back Door	Puerta Trasera
latest/win/wrd_data/map_obj_name_text_US.SPC	ID153_lab_yonaga_text.stx	4	Wax Doll of Ryoma	Efigie de Cera de Ryoma
latest/win/wrd_data/map_obj_name_text_US.SPC	ID153_lab_yonaga_text.stx	5	Wax Doll of Rantaro	Efigie de Cera de Rantaro
latest/win/wrd_data/map_obj_name_text_US.SPC	ID153_lab_yonaga_text.stx	6	Wax Doll of Kirumi	Efigie de Cera de Kirumi
latest/win/wrd_data/map_obj_name_text_US.SPC	ID153_lab_yonaga_text.stx	7	Wax Doll of Kaede	Efigie de Cera de Kaede
latest/win/wrd_data/map_obj_name_text_US.SPC	ID153_lab_yonaga_text.stx	8	Hanging Wax Doll of Ryoma	Efigie Colgada de Ryoma
latest/win/wrd_data/map_obj_name_text_US.SPC	ID153_lab_yonaga_text.stx	9	Hanging Wax Doll of Rantaro	Efigie Colgada de Rantaro
latest/win/wrd_data/map_obj_name_text_US.SPC	ID153_lab_yonaga_text.stx	10	Hanging Wax Doll of Kirumi	Efigie Colgada de Kirumi
latest/win/wrd_data/map_obj_name_text_US.SPC	ID153_lab_yonaga_text.stx	11	Hanging Wax Doll of Kaede	Efigie Colgada de Kaede
latest/win/wrd_data/map_obj_name_text_US.SPC	ID153_lab_yonaga_text.stx	13	Angie's Body	Cadáver de Angie
latest/win/wrd_data/map_obj_name_text_US.SPC	ID153_lab_yonaga_text.stx	14	Pool of Blood	Charco de Sangre
latest/win/wrd_data/map_obj_name_text_US.SPC	ID153_lab_yonaga_text.stx	41	Angie's Body	Cadáver de Angie
latest/win/wrd_data/map_obj_name_text_US.SPC	ID153_lab_yonaga_text.stx	42	Angie's Body	Cadáver de Angie
latest/win/wrd_data/map_obj_name_text_US.SPC	ID154_lab_iruma_text.stx	1	Bed	Cama
latest/win/wrd_data/map_obj_name_text_US.SPC	ID155_lab_akamatu_text.stx	0	Speakers	Altavoces
latest/win/wrd_data/map_obj_name_text_US.SPC	ID155_lab_akamatu_text.stx	1	CD Rack	Estante de CD
latest/win/wrd_data/map_obj_name_text_US.SPC	ID155_lab_akamatu_text.stx	3	Door	Puerta
latest/win/wrd_data/map_obj_name_text_US.SPC	ID155_lab_akamatu_text.stx	5	Music Stand	Atril
latest/win/wrd_data/map_obj_name_text_US.SPC	ID155_lab_akamatu_text.stx	6	Music Stand	Atril
latest/win/wrd_data/map_obj_name_text_US.SPC	ID155_lab_akamatu_text.stx	7	Music Stand	Atril
latest/win/wrd_data/map_obj_name_text_US.SPC	ID155_lab_akamatu_text.stx	8	Music Stand	Atril
latest/win/wrd_data/map_obj_name_text_US.SPC	ID155_lab_akamatu_text.stx	9	Music Stand	Atril
latest/win/wrd_data/map_obj_name_text_US.SPC	ID155_lab_akamatu_text.stx	10	Music Stand	Atril
latest/win/wrd_data/map_obj_name_text_US.SPC	ID155_lab_akamatu_text.stx	11	Chair	Silla
latest/win/wrd_data/map_obj_name_text_US.SPC	ID155_lab_akamatu_text.stx	12	Chair	Silla
latest/win/wrd_data/map_obj_name_text_US.SPC	ID155_lab_akamatu_text.stx	13	Chair	Silla
latest/win/wrd_data/map_obj_name_text_US.SPC	ID155_lab_akamatu_text.stx	14	Chair	Silla
latest/win/wrd_data/map_obj_name_text_US.SPC	ID155_lab_akamatu_text.stx	15	Chair	Silla
latest/win/wrd_data/map_obj_name_text_US.SPC	ID156_lab_yonaga_af_text.stx	1	Lump of Wax	Trozo de Cera
latest/win/wrd_data/map_obj_name_text_US.SPC	ID156_lab_yonaga_af_text.stx	2	Front Door	Puerta Principal
latest/win/wrd_data/map_obj_name_text_US.SPC	ID156_lab_yonaga_af_text.stx	3	Back Door	Puerta Trasera
latest/win/wrd_data/map_obj_name_text_US.SPC	ID156_lab_yonaga_af_text.stx	4	Wax Doll of Ryoma	Efigie de Cera de Ryoma
latest/win/wrd_data/map_obj_name_text_US.SPC	ID156_lab_yonaga_af_text.stx	5	Wax Doll of Rantaro	Efigie de Cera de Rantaro
latest/win/wrd_data/map_obj_name_text_US.SPC	ID156_lab_yonaga_af_text.stx	6	Wax Doll of Kirumi	Efigie de Cera de Kirumi
latest/win/wrd_data/map_obj_name_text_US.SPC	ID156_lab_yonaga_af_text.stx	7	Wax Doll of Kaede	Efigie de Cera de Kaede
latest/win/wrd_data/map_obj_name_text_US.SPC	ID156_lab_yonaga_af_text.stx	8	Hanging Wax Doll of Ryoma	Efigie Colgada de Ryoma
latest/win/wrd_data/map_obj_name_text_US.SPC	ID156_lab_yonaga_af_text.stx	9	Hanging Wax Doll of Rantaro	Efigie Colgada de Rantaro
latest/win/wrd_data/map_obj_name_text_US.SPC	ID156_lab_yonaga_af_text.stx	10	Hanging Wax Doll of Kirumi	Efigie Colgada de Kirumi
latest/win/wrd_data/map_obj_name_text_US.SPC	ID156_lab_yonaga_af_text.stx	11	Hanging Wax Doll of Kaede	Efigie Colgada de Kaede
latest/win/wrd_data/map_obj_name_text_US.SPC	ID156_lab_yonaga_af_text.stx	13	Angie's Body	Cadáver de Angie
latest/win/wrd_data/map_obj_name_text_US.SPC	ID156_lab_yonaga_af_text.stx	14	Pool of Blood	Charco de Sangre
latest/win/wrd_data/map_obj_name_text_US.SPC	ID156_lab_yonaga_af_text.stx	41	Angie's Body	Cadáver de Angie
latest/win/wrd_data/map_obj_name_text_US.SPC	ID156_lab_yonaga_af_text.stx	42	Angie's Body	Cadáver de Angie
latest/win/wrd_data/map_obj_name_text_US.SPC	ID190_pool_text.stx	1	Pool	Piscina
latest/win/wrd_data/map_obj_name_text_US.SPC	ID190_pool_text.stx	2	Storage Room Door	Puerta del Almacén
latest/win/wrd_data/map_obj_name_text_US.SPC	ID190_pool_text.stx	3	Gym Window	Ventana del Gimnasio
latest/win/wrd_data/map_obj_name_text_US.SPC	ID190_pool_text.stx	4	School Building Window	Ventana del Edificio Principal
latest/win/wrd_data/map_obj_name_text_US.SPC	ID190_pool_text.stx	5	Diving Board	Trampolín
latest/win/wrd_data/map_obj_name_text_US.SPC	ID190_pool_text.stx	6	Rules Sign	Letrero de Reglas
latest/win/wrd_data/map_obj_name_text_US.SPC	ID190_pool_text.stx	7	Pool Entrance	Entrada a la Piscina
latest/win/wrd_data/map_obj_name_text_US.SPC	ID191_pool_text.stx	1	Pool	Piscina
latest/win/wrd_data/map_obj_name_text_US.SPC	ID191_pool_text.stx	2	Storage Room Door	Puerta del Almacén
latest/win/wrd_data/map_obj_name_text_US.SPC	ID191_pool_text.stx	3	Gym Window	Ventana del Gimnasio
latest/win/wrd_data/map_obj_name_text_US.SPC	ID191_pool_text.stx	4	School Building Window	Ventana del Edificio Principal
latest/win/wrd_data/map_obj_name_text_US.SPC	ID191_pool_text.stx	5	Diving Board	Trampolín
latest/win/wrd_data/map_obj_name_text_US.SPC	ID191_pool_text.stx	6	Rules Sign	Letrero de Reglas
latest/win/wrd_data/map_obj_name_text_US.SPC	ID191_pool_text.stx	7	Pool Entrance	Entrada a la Piscina
latest/win/wrd_data/map_obj_name_text_US.SPC	ID191_pool_text.stx	8	Innertube	Flotador
latest/win/wrd_data/map_obj_name_text_US.SPC	ID191_pool_text.stx	9	Bits of Fabric	Trozos de Tela
latest/win/wrd_data/map_obj_name_text_US.SPC	ID191_pool_text.stx	10	School Building Window	Ventana del Edificio Principal
latest/win/wrd_data/map_obj_name_text_US.SPC	ID200_computer_A_text.stx	1	Computer	Computadora
latest/win/wrd_data/map_obj_name_text_US.SPC	ID200_computer_A_text.stx	2	Treasure Chest	Cofre del Tesoro
latest/win/wrd_data/map_obj_name_text_US.SPC	ID200_computer_A_text.stx	3	Treasure Chest	Cofre del Tesoro
latest/win/wrd_data/map_obj_name_text_US.SPC	ID201_computer_B_text.stx	1	Computer	Computadora
latest/win/wrd_data/map_obj_name_text_US.SPC	ID201_computer_B_text.stx	2	Treasure Chest	Cofre del Tesoro
latest/win/wrd_data/map_obj_name_text_US.SPC	ID201_computer_B_text.stx	3	Treasure Chest	Cofre del Tesoro
latest/win/wrd_data/map_obj_name_text_US.SPC	ID201_computer_B_text.stx	4	Small Bottle	Botellita
latest/win/wrd_data/map_obj_name_text_US.SPC	ID201_computer_B_text.stx	5	Near Miu's Body	Cerca del Cadáver de Miu
latest/win/wrd_data/map_obj_name_text_US.SPC	ID201_computer_B_text.stx	6	Near Miu's Body	Cerca del Cadáver de Miu
latest/win/wrd_data/map_obj_name_text_US.SPC	ID201_computer_B_text.stx	9	Cable In	Entrada de Cable
latest/win/wrd_data/map_obj_name_text_US.SPC	ID201_computer_B_text.stx	10	Cable Out	Salida de Cable
latest/win/wrd_data/map_obj_name_text_US.SPC	ID220_hangar_text.stx	1	Painting Machine	Máquina de Pintura
latest/win/wrd_data/map_obj_name_text_US.SPC	ID220_hangar_text.stx	2	Washing Machine	Lavadora
latest/win/wrd_data/map_obj_name_text_US.SPC	ID220_hangar_text.stx	3	Toilet	Inodoro
latest/win/wrd_data/map_obj_name_text_US.SPC	ID220_hangar_text.stx	4	Hydraulic Press	Prensa Hidráulica
latest/win/wrd_data/map_obj_name_text_US.SPC	ID220_hangar_text.stx	5	Hydraulic Press	Prensa Hidráulica
latest/win/wrd_data/map_obj_name_text_US.SPC	ID220_hangar_text.stx	6	Press Operation Panel	Panel de Control de la Prensa
latest/win/wrd_data/map_obj_name_text_US.SPC	ID220_hangar_text.stx	7	Exisal Red	Exisal Rojo
latest/win/wrd_data/map_obj_name_text_US.SPC	ID220_hangar_text.stx	8	Exisal Green	Exisal Verde
latest/win/wrd_data/map_obj_name_text_US.SPC	ID220_hangar_text.stx	9	Exisal Pink	Exisal Rosa
latest/win/wrd_data/map_obj_name_text_US.SPC	ID220_hangar_text.stx	10	Exisal Yellow	Exisal Amarillo
latest/win/wrd_data/map_obj_name_text_US.SPC	ID220_hangar_text.stx	11	Exisal Blue	Exisal Azul
latest/win/wrd_data/map_obj_name_text_US.SPC	ID220_hangar_text.stx	12	Exisal Green	Exisal Verde
latest/win/wrd_data/map_obj_name_text_US.SPC	ID220_hangar_text.stx	13	Operation Panel	Panel de Control
latest/win/wrd_data/map_obj_name_text_US.SPC	ID220_hangar_text.stx	14	Bit of Clothing	Trozo de Ropa
latest/win/wrd_data/map_obj_name_text_US.SPC	ID220_hangar_text.stx	15	Traces of Blood	Rastros de Sangre
latest/win/wrd_data/map_obj_name_text_US.SPC	ID220_hangar_text.stx	16	Trap	Trampa
latest/win/wrd_data/map_obj_name_text_US.SPC	ID220_hangar_text.stx	17	Trap	Trampa
latest/win/wrd_data/map_obj_name_text_US.SPC	ID220_hangar_text.stx	18	Trap	Trampa
latest/win/wrd_data/map_obj_name_text_US.SPC	ID220_hangar_text.stx	19	Trap	Trampa
latest/win/wrd_data/map_obj_name_text_US.SPC	ID220_hangar_text.stx	20	Trap	Trampa
latest/win/wrd_data/map_obj_name_text_US.SPC	ID220_hangar_text.stx	21	Torn Power Cord	Cable de Corriente Roto
latest/win/wrd_data/map_obj_name_text_US.SPC	ID220_hangar_text.stx	22	Crane	Grúa
latest/win/wrd_data/map_obj_name_text_US.SPC	ID220_hangar_text.stx	23	Hydraulic Press	Prensa Hidráulica
latest/win/wrd_data/map_obj_name_text_US.SPC	ID222_hangar_wc_text.stx	1	Window	Ventana
latest/win/wrd_data/map_obj_name_text_US.SPC	ID222_hangar_wc_text.stx	2	Crossbow	Ballesta
latest/win/wrd_data/map_obj_name_text_US.SPC	ID222_hangar_wc_text.stx	3	Black Case	Estuche Negro
latest/win/wrd_data/map_obj_name_text_US.SPC	ID222_hangar_wc_text.stx	4	Crossbow Arrow	Flecha de Ballesta
latest/win/wrd_data/map_obj_name_text_US.SPC	ID222_hangar_wc_text.stx	5	Glass Bottle	Botella de Vidrio
latest/win/wrd_data/map_obj_name_text_US.SPC	ID222_hangar_wc_text.stx	6	Kokichi's Clothes	Ropas de Kokichi
latest/win/wrd_data/map_obj_name_text_US.SPC	ID222_hangar_wc_text.stx	7	Traces of Blood	Rastros de Sangre
latest/win/wrd_data/map_obj_name_text_US.SPC	ID222_hangar_wc_text.stx	8	Toilet	Inodoro
latest/win/wrd_data/map_obj_name_text_US.SPC	ID240_casino_1f_text.stx	1	Underground Stairs	Escaleras Subterráneas
latest/win/wrd_data/map_obj_name_text_US.SPC	ID240_casino_1f_text.stx	2	Exchange Counter	Caja de Cambio
latest/win/wrd_data/map_obj_name_text_US.SPC	ID240_casino_1f_text.stx	3	Premium Exchange Counter	Caja de Cambio Premium
latest/win/wrd_data/map_obj_name_text_US.SPC	ID241_casino_B1_text.stx	3	Monomono Slot	Tragamonedas MonoMono
latest/win/wrd_data/map_obj_name_text_US.SPC	ID241_casino_B1_text.stx	4	Stairs to 1st Floor	Escaleras al 1er Piso
latest/win/wrd_data/map_obj_name_text_US.SPC	ID241_casino_B1_text.stx	5	Monomono Slot	Tragamonedas MonoMono
latest/win/wrd_data/map_obj_name_text_US.SPC	ID241_casino_B1_text.stx	6	Monomono Slot	Tragamonedas MonoMono
latest/win/wrd_data/map_obj_name_text_US.SPC	ID241_casino_B1_text.stx	10	Monomono Slot	Tragamonedas MonoMono
latest/win/wrd_data/map_obj_name_text_US.SPC	ID241_casino_B1_text.stx	11	Monomono Slot	Tragamonedas MonoMono
latest/win/wrd_data/map_obj_name_text_US.SPC	ID241_casino_B1_text.stx	12	Monomono Slot	Tragamonedas MonoMono
latest/win/wrd_data/map_obj_name_text_US.SPC	ID247_sch_side_p_text.stx	0	School Building	Edificio Principal
latest/win/wrd_data/map_obj_name_text_US.SPC	ID247_sch_side_p_text.stx	1	Dining Hall	Comedor
latest/win/wrd_data/map_obj_name_text_US.SPC	ID247_sch_side_p_text.stx	2	Dormitory	Dormitorio
latest/win/wrd_data/map_obj_name_text_US.SPC	ID247_sch_side_p_text.stx	3	Pool	Piscina
latest/win/wrd_data/map_obj_name_text_US.SPC	ID247_sch_side_p_text.stx	4	Backyard	Patio Trasero
latest/win/wrd_data/map_obj_name_text_US.SPC	ID247_sch_side_p_text.stx	5	Backyard	Patio Trasero
latest/win/wrd_data/map_obj_name_text_US.SPC	ID247_sch_side_p_text.stx	6	Casino Area	Área de Casino
latest/win/wrd_data/map_obj_name_text_US.SPC	ID247_sch_side_p_text.stx	7	Mysterious Monument	Monumento Misterioso
latest/win/wrd_data/map_obj_name_text_US.SPC	ID247_sch_side_p_text.stx	8	Plants	Plantas
latest/win/wrd_data/map_obj_name_text_US.SPC	ID247_sch_side_p_text.stx	9	Hexagonal Protrusion	Saliente Hexagonal
latest/win/wrd_data/map_obj_name_text_US.SPC	ID247_sch_side_p_text.stx	10	Giant Door	Puerta Gigante
latest/win/wrd_data/map_obj_name_text_US.SPC	ID247_sch_side_p_text.stx	11	Giant Door	Puerta Gigante
latest/win/wrd_data/map_obj_name_text_US.SPC	ID247_sch_side_p_text.stx	12	Down the Big Stairs	Bajando las Escaleras Grandes
latest/win/wrd_data/map_obj_name_text_US.SPC	ID248_elv_side_p_text.stx	0	Shrine of Judgment	Santuario del Juicio
latest/win/wrd_data/map_obj_name_text_US.SPC	ID248_elv_side_p_text.stx	1	Ultimate Aikido Master Lab	Laboratorio de la Maestra del Aikido Definitiva
latest/win/wrd_data/map_obj_name_text_US.SPC	ID248_elv_side_p_text.stx	2	Ultimate Inventor Lab	Laboratorio de la Inventora Definitiva
latest/win/wrd_data/map_obj_name_text_US.SPC	ID248_elv_side_p_text.stx	3	Thick Metal Door	Puerta de Metal Gruesa
latest/win/wrd_data/map_obj_name_text_US.SPC	ID248_elv_side_p_text.stx	4	Ultimate Robot Lab	Laboratorio del Robot Definitivo
latest/win/wrd_data/map_obj_name_text_US.SPC	ID248_elv_side_p_text.stx	5	Ninja Statue	Estatua de Ninja
latest/win/wrd_data/map_obj_name_text_US.SPC	ID248_elv_side_p_text.stx	6	Object with Indentation	Objeto con una Hendidura
latest/win/wrd_data/map_obj_name_text_US.SPC	ID248_elv_side_p_text.stx	7	Keyhole	Cerradura
latest/win/wrd_data/map_obj_name_text_US.SPC	ID248_elv_side_p_text.stx	8	Side of School Building	Costado del Edificio Principal
latest/win/wrd_data/map_obj_name_text_US.SPC	ID248_elv_side_p_text.stx	9	Scroll	Pergamino
latest/win/wrd_data/map_obj_name_text_US.SPC	ID248_elv_side_p_text.stx	10	Ultimate Robot Lab	Laboratorio del Robot Definitivo
latest/win/wrd_data/map_obj_name_text_US.SPC	ID248_elv_side_p_text.stx	11	Ultimate Robot Lab	Laboratorio del Robot Definitivo
latest/win/wrd_data/map_obj_name_text_US.SPC	ID249_sch_side_0_text.stx	0	School Building	Edificio Principal
latest/win/wrd_data/map_obj_name_text_US.SPC	ID249_sch_side_0_text.stx	1	Dining Hall	Comedor
latest/win/wrd_data/map_obj_name_text_US.SPC	ID249_sch_side_0_text.stx	2	Dormitory	Dormitorio
latest/win/wrd_data/map_obj_name_text_US.SPC	ID249_sch_side_0_text.stx	3	Pool	Piscina
latest/win/wrd_data/map_obj_name_text_US.SPC	ID249_sch_side_0_text.stx	4	Backyard	Patio Trasero
latest/win/wrd_data/map_obj_name_text_US.SPC	ID249_sch_side_0_text.stx	5	Backyard	Patio Trasero
latest/win/wrd_data/map_obj_name_text_US.SPC	ID249_sch_side_0_text.stx	6	Casino Area	Área de Casino
latest/win/wrd_data/map_obj_name_text_US.SPC	ID249_sch_side_0_text.stx	7	Mysterious Monument	Monumento Misterioso
latest/win/wrd_data/map_obj_name_text_US.SPC	ID249_sch_side_0_text.stx	8	Plants	Plantas
latest/win/wrd_data/map_obj_name_text_US.SPC	ID249_sch_side_0_text.stx	9	Hexagonal Protrusion	Saliente Hexagonal
latest/win/wrd_data/map_obj_name_text_US.SPC	ID249_sch_side_0_text.stx	10	Giant Door	Puerta Gigante
latest/win/wrd_data/map_obj_name_text_US.SPC	ID249_sch_side_0_text.stx	11	Giant Door	Puerta Gigante
latest/win/wrd_data/map_obj_name_text_US.SPC	ID249_sch_side_0_text.stx	12	Down the Big Stairs	Bajando las Escaleras Grandes
latest/win/wrd_data/map_obj_name_text_US.SPC	ID251_elv_side_0_text.stx	0	Shrine of Judgment	Santuario del Juicio
latest/win/wrd_data/map_obj_name_text_US.SPC	ID251_elv_side_0_text.stx	1	Ultimate Aikido Master Lab	Laboratorio de la Maestra del Aikido Definitiva
latest/win/wrd_data/map_obj_name_text_US.SPC	ID251_elv_side_0_text.stx	2	Ultimate Inventor Lab	Laboratorio de la Inventora Definitiva
latest/win/wrd_data/map_obj_name_text_US.SPC	ID251_elv_side_0_text.stx	3	Thick Metal Door	Puerta de Metal Gruesa
latest/win/wrd_data/map_obj_name_text_US.SPC	ID251_elv_side_0_text.stx	4	Ultimate Robot Lab	Laboratorio del Robot Definitivo
latest/win/wrd_data/map_obj_name_text_US.SPC	ID251_elv_side_0_text.stx	5	Ninja Statue	Estatua de Ninja
latest/win/wrd_data/map_obj_name_text_US.SPC	ID251_elv_side_0_text.stx	6	Object with Indentation	Objeto con una Hendidura
latest/win/wrd_data/map_obj_name_text_US.SPC	ID251_elv_side_0_text.stx	7	Keyhole	Cerradura
latest/win/wrd_data/map_obj_name_text_US.SPC	ID251_elv_side_0_text.stx	8	Side of School Building	Costado del Edificio Principal
latest/win/wrd_data/map_obj_name_text_US.SPC	ID251_elv_side_0_text.stx	9	Scroll	Pergamino
latest/win/wrd_data/map_obj_name_text_US.SPC	ID251_elv_side_0_text.stx	10	Ultimate Robot Lab	Laboratorio del Robot Definitivo
latest/win/wrd_data/map_obj_name_text_US.SPC	ID251_elv_side_0_text.stx	11	Ultimate Robot Lab	Laboratorio del Robot Definitivo
latest/win/wrd_data/map_obj_name_text_US.SPC	ID252_backyard_c1_text.stx	0	Manhole	Alcantarilla
latest/win/wrd_data/map_obj_name_text_US.SPC	ID252_backyard_c1_text.stx	1	Mysterious Letters	Cartas Misteriosas
latest/win/wrd_data/map_obj_name_text_US.SPC	ID252_backyard_c1_text.stx	2	Right Door	Puerta Derecha
latest/win/wrd_data/map_obj_name_text_US.SPC	ID252_backyard_c1_text.stx	3	Left Door	Puerta Izquierda
latest/win/wrd_data/map_obj_name_text_US.SPC	ID252_backyard_c1_text.stx	4	Manhole Cover	Tapa de Alcantarilla
latest/win/wrd_data/map_obj_name_text_US.SPC	ID252_backyard_c1_text.stx	18	Rubble	Escombros
latest/win/wrd_data/map_obj_name_text_US.SPC	ID253_elevator_c1_text.stx	1	Monokuma Statue	Estatua de Monokuma
latest/win/wrd_data/map_obj_name_text_US.SPC	ID255_sch_side_1_text.stx	0	School Building	Edificio Principal
latest/win/wrd_data/map_obj_name_text_US.SPC	ID255_sch_side_1_text.stx	1	Dining Hall	Comedor
latest/win/wrd_data/map_obj_name_text_US.SPC	ID255_sch_side_1_text.stx	2	Dormitory	Dormitorio
latest/win/wrd_data/map_obj_name_text_US.SPC	ID255_sch_side_1_text.stx	3	Pool	Piscina
latest/win/wrd_data/map_obj_name_text_US.SPC	ID255_sch_side_1_text.stx	4	Backyard	Patio Trasero
latest/win/wrd_data/map_obj_name_text_US.SPC	ID255_sch_side_1_text.stx	5	Backyard	Patio Trasero
latest/win/wrd_data/map_obj_name_text_US.SPC	ID255_sch_side_1_text.stx	6	Casino Area	Área de Casino
latest/win/wrd_data/map_obj_name_text_US.SPC	ID255_sch_side_1_text.stx	7	Mysterious Monument	Monumento Misterioso
latest/win/wrd_data/map_obj_name_text_US.SPC	ID255_sch_side_1_text.stx	8	Plants	Plantas
latest/win/wrd_data/map_obj_name_text_US.SPC	ID255_sch_side_1_text.stx	9	Hexagonal Protrusion	Saliente Hexagonal
latest/win/wrd_data/map_obj_name_text_US.SPC	ID255_sch_side_1_text.stx	10	Giant Door	Puerta Gigante
latest/win/wrd_data/map_obj_name_text_US.SPC	ID255_sch_side_1_text.stx	11	Giant Door	Puerta Gigante
latest/win/wrd_data/map_obj_name_text_US.SPC	ID255_sch_side_1_text.stx	12	Down the Big Stairs	Bajando las Escaleras Grandes
latest/win/wrd_data/map_obj_name_text_US.SPC	ID256_elv_side_1_text.stx	0	Shrine of Judgment	Santuario del Juicio
latest/win/wrd_data/map_obj_name_text_US.SPC	ID256_elv_side_1_text.stx	1	Ultimate Aikido Master Lab	Laboratorio de la Maestra del Aikido Definitiva
latest/win/wrd_data/map_obj_name_text_US.SPC	ID256_elv_side_1_text.stx	2	Ultimate Inventor Lab	Laboratorio de la Inventora Definitiva
latest/win/wrd_data/map_obj_name_text_US.SPC	ID256_elv_side_1_text.stx	3	Thick Metal Door	Puerta de Metal Gruesa
latest/win/wrd_data/map_obj_name_text_US.SPC	ID256_elv_side_1_text.stx	4	Ultimate Robot Lab	Laboratorio del Robot Definitivo
latest/win/wrd_data/map_obj_name_text_US.SPC	ID256_elv_side_1_text.stx	5	Ninja Statue	Estatua de Ninja
latest/win/wrd_data/map_obj_name_text_US.SPC	ID256_elv_side_1_text.stx	6	Object with Indentation	Objeto con una Hendidura
latest/win/wrd_data/map_obj_name_text_US.SPC	ID256_elv_side_1_text.stx	7	Keyhole	Cerradura
latest/win/wrd_data/map_obj_name_text_US.SPC	ID256_elv_side_1_text.stx	8	Side of School Building	Costado del Edificio Principal
latest/win/wrd_data/map_obj_name_text_US.SPC	ID256_elv_side_1_text.stx	9	Scroll	Pergamino
latest/win/wrd_data/map_obj_name_text_US.SPC	ID256_elv_side_1_text.stx	10	Ultimate Robot Lab	Laboratorio del Robot Definitivo
latest/win/wrd_data/map_obj_name_text_US.SPC	ID256_elv_side_1_text.stx	11	Ultimate Robot Lab	Laboratorio del Robot Definitivo
latest/win/wrd_data/map_obj_name_text_US.SPC	ID257_backyard_c2_text.stx	0	Manhole	Alcantarilla
latest/win/wrd_data/map_obj_name_text_US.SPC	ID257_backyard_c2_text.stx	1	Mysterious Letters	Cartas Misteriosas
latest/win/wrd_data/map_obj_name_text_US.SPC	ID257_backyard_c2_text.stx	2	Right Door	Puerta Derecha
latest/win/wrd_data/map_obj_name_text_US.SPC	ID257_backyard_c2_text.stx	3	Left Door	Puerta Izquierda
latest/win/wrd_data/map_obj_name_text_US.SPC	ID257_backyard_c2_text.stx	4	Manhole Cover Used for Reference	Tapa de Alcantarilla de Referencia
latest/win/wrd_data/map_obj_name_text_US.SPC	ID257_backyard_c2_text.stx	18	Rubble	Escombros
latest/win/wrd_data/map_obj_name_text_US.SPC	ID258_sch_side_2_text.stx	0	School Building	Edificio Principal
latest/win/wrd_data/map_obj_name_text_US.SPC	ID258_sch_side_2_text.stx	1	Dining Hall	Comedor
latest/win/wrd_data/map_obj_name_text_US.SPC	ID258_sch_side_2_text.stx	2	Dormitory	Dormitorio
latest/win/wrd_data/map_obj_name_text_US.SPC	ID258_sch_side_2_text.stx	3	Pool	Piscina
latest/win/wrd_data/map_obj_name_text_US.SPC	ID258_sch_side_2_text.stx	4	Backyard	Patio Trasero
latest/win/wrd_data/map_obj_name_text_US.SPC	ID258_sch_side_2_text.stx	5	Backyard	Patio Trasero
latest/win/wrd_data/map_obj_name_text_US.SPC	ID258_sch_side_2_text.stx	6	Casino Area	Área de Casino
latest/win/wrd_data/map_obj_name_text_US.SPC	ID258_sch_side_2_text.stx	7	Mysterious Monument	Monumento Misterioso
latest/win/wrd_data/map_obj_name_text_US.SPC	ID258_sch_side_2_text.stx	8	Plants	Plantas
latest/win/wrd_data/map_obj_name_text_US.SPC	ID258_sch_side_2_text.stx	9	Hexagonal Protrusion	Saliente Hexagonal
latest/win/wrd_data/map_obj_name_text_US.SPC	ID258_sch_side_2_text.stx	10	Giant Door	Puerta Gigante
latest/win/wrd_data/map_obj_name_text_US.SPC	ID258_sch_side_2_text.stx	11	Giant Door	Puerta Gigante
latest/win/wrd_data/map_obj_name_text_US.SPC	ID258_sch_side_2_text.stx	12	Down the Big Stairs	Bajando las Escaleras Grandes
latest/win/wrd_data/map_obj_name_text_US.SPC	ID259_elv_side_2_text.stx	0	Shrine of Judgment	Santuario del Juicio
latest/win/wrd_data/map_obj_name_text_US.SPC	ID259_elv_side_2_text.stx	1	Ultimate Aikido Master Lab	Laboratorio de la Maestra del Aikido Definitiva
latest/win/wrd_data/map_obj_name_text_US.SPC	ID259_elv_side_2_text.stx	2	Ultimate Inventor Lab	Laboratorio de la Inventora Definitiva
latest/win/wrd_data/map_obj_name_text_US.SPC	ID259_elv_side_2_text.stx	3	Thick Metal Door	Puerta de Metal Gruesa
latest/win/wrd_data/map_obj_name_text_US.SPC	ID259_elv_side_2_text.stx	4	Ultimate Robot Lab	Laboratorio del Robot Definitivo
latest/win/wrd_data/map_obj_name_text_US.SPC	ID259_elv_side_2_text.stx	5	Ninja Statue	Estatua de Ninja
latest/win/wrd_data/map_obj_name_text_US.SPC	ID259_elv_side_2_text.stx	6	Object with Indentation	Objeto con una Hendidura
latest/win/wrd_data/map_obj_name_text_US.SPC	ID259_elv_side_2_text.stx	7	Keyhole	Cerradura
latest/win/wrd_data/map_obj_name_text_US.SPC	ID259_elv_side_2_text.stx	8	Side of School Building	Costado del Edificio Principal
latest/win/wrd_data/map_obj_name_text_US.SPC	ID259_elv_side_2_text.stx	9	Scroll	Pergamino
latest/win/wrd_data/map_obj_name_text_US.SPC	ID259_elv_side_2_text.stx	10	Ultimate Robot Lab	Laboratorio del Robot Definitivo
latest/win/wrd_data/map_obj_name_text_US.SPC	ID259_elv_side_2_text.stx	11	Ultimate Robot Lab	Laboratorio del Robot Definitivo
latest/win/wrd_data/map_obj_name_text_US.SPC	ID262_sch_side_3_text.stx	0	School Building	Edificio Principal
latest/win/wrd_data/map_obj_name_text_US.SPC	ID262_sch_side_3_text.stx	1	Dining Hall	Comedor
latest/win/wrd_data/map_obj_name_text_US.SPC	ID262_sch_side_3_text.stx	2	Dormitory	Dormitorio
latest/win/wrd_data/map_obj_name_text_US.SPC	ID262_sch_side_3_text.stx	3	Pool	Piscina
latest/win/wrd_data/map_obj_name_text_US.SPC	ID262_sch_side_3_text.stx	4	Backyard	Patio Trasero
latest/win/wrd_data/map_obj_name_text_US.SPC	ID262_sch_side_3_text.stx	5	Backyard	Patio Trasero
latest/win/wrd_data/map_obj_name_text_US.SPC	ID262_sch_side_3_text.stx	6	Casino Area	Área de Casino
latest/win/wrd_data/map_obj_name_text_US.SPC	ID262_sch_side_3_text.stx	7	Mysterious Monument	Monumento Misterioso
latest/win/wrd_data/map_obj_name_text_US.SPC	ID262_sch_side_3_text.stx	8	Plants	Plantas
latest/win/wrd_data/map_obj_name_text_US.SPC	ID262_sch_side_3_text.stx	9	Hexagonal Protrusion	Saliente Hexagonal
latest/win/wrd_data/map_obj_name_text_US.SPC	ID262_sch_side_3_text.stx	10	Giant Door	Puerta Gigante
latest/win/wrd_data/map_obj_name_text_US.SPC	ID262_sch_side_3_text.stx	11	Giant Door	Puerta Gigante
latest/win/wrd_data/map_obj_name_text_US.SPC	ID262_sch_side_3_text.stx	12	Down the Big Stairs	Bajando las Escaleras Grandes
latest/win/wrd_data/map_obj_name_text_US.SPC	ID263_elv_side_3_text.stx	0	Shrine of Judgment	Santuario del Juicio
latest/win/wrd_data/map_obj_name_text_US.SPC	ID263_elv_side_3_text.stx	1	Ultimate Aikido Master Lab	Laboratorio de la Maestra del Aikido Definitiva
latest/win/wrd_data/map_obj_name_text_US.SPC	ID263_elv_side_3_text.stx	2	Ultimate Inventor Lab	Laboratorio de la Inventora Definitiva
latest/win/wrd_data/map_obj_name_text_US.SPC	ID263_elv_side_3_text.stx	3	Thick Metal Door	Puerta de Metal Gruesa
latest/win/wrd_data/map_obj_name_text_US.SPC	ID263_elv_side_3_text.stx	4	Ultimate Robot Lab	Laboratorio del Robot Definitivo
latest/win/wrd_data/map_obj_name_text_US.SPC	ID263_elv_side_3_text.stx	5	Ninja Statue	Estatua de Ninja
latest/win/wrd_data/map_obj_name_text_US.SPC	ID263_elv_side_3_text.stx	6	Object with Indentation	Objeto con una Hendidura
latest/win/wrd_data/map_obj_name_text_US.SPC	ID263_elv_side_3_text.stx	7	Keyhole	Cerradura
latest/win/wrd_data/map_obj_name_text_US.SPC	ID263_elv_side_3_text.stx	8	Side of School Building	Costado del Edificio Principal
latest/win/wrd_data/map_obj_name_text_US.SPC	ID263_elv_side_3_text.stx	9	Scroll	Pergamino
latest/win/wrd_data/map_obj_name_text_US.SPC	ID263_elv_side_3_text.stx	10	Ultimate Robot Lab	Laboratorio del Robot Definitivo
latest/win/wrd_data/map_obj_name_text_US.SPC	ID263_elv_side_3_text.stx	11	Ultimate Robot Lab	Laboratorio del Robot Definitivo
latest/win/wrd_data/map_obj_name_text_US.SPC	ID266_sch_side_4_text.stx	0	School Building	Edificio Principal
latest/win/wrd_data/map_obj_name_text_US.SPC	ID266_sch_side_4_text.stx	1	Dining Hall	Comedor
latest/win/wrd_data/map_obj_name_text_US.SPC	ID266_sch_side_4_text.stx	2	Dormitory	Dormitorio
latest/win/wrd_data/map_obj_name_text_US.SPC	ID266_sch_side_4_text.stx	3	Pool	Piscina
latest/win/wrd_data/map_obj_name_text_US.SPC	ID266_sch_side_4_text.stx	4	Backyard	Patio Trasero
latest/win/wrd_data/map_obj_name_text_US.SPC	ID266_sch_side_4_text.stx	5	Backyard	Patio Trasero
latest/win/wrd_data/map_obj_name_text_US.SPC	ID266_sch_side_4_text.stx	6	Casino Area	Área de Casino
latest/win/wrd_data/map_obj_name_text_US.SPC	ID266_sch_side_4_text.stx	7	Mysterious Monument	Monumento Misterioso
latest/win/wrd_data/map_obj_name_text_US.SPC	ID266_sch_side_4_text.stx	8	Plants	Plantas
latest/win/wrd_data/map_obj_name_text_US.SPC	ID266_sch_side_4_text.stx	9	Hexagonal Protrusion	Saliente Hexagonal
latest/win/wrd_data/map_obj_name_text_US.SPC	ID266_sch_side_4_text.stx	10	Giant Door	Puerta Gigante
latest/win/wrd_data/map_obj_name_text_US.SPC	ID266_sch_side_4_text.stx	11	Giant Door	Puerta Gigante
latest/win/wrd_data/map_obj_name_text_US.SPC	ID266_sch_side_4_text.stx	12	Down the Big Stairs	Bajando las Escaleras Grandes
latest/win/wrd_data/map_obj_name_text_US.SPC	ID267_elv_side_4_text.stx	0	Shrine of Judgment	Santuario del Juicio
latest/win/wrd_data/map_obj_name_text_US.SPC	ID267_elv_side_4_text.stx	1	Ultimate Aikido Master Lab	Laboratorio de la Maestra del Aikido Definitiva
latest/win/wrd_data/map_obj_name_text_US.SPC	ID267_elv_side_4_text.stx	2	Ultimate Inventor Lab	Laboratorio de la Inventora Definitiva
latest/win/wrd_data/map_obj_name_text_US.SPC	ID267_elv_side_4_text.stx	3	Thick Metal Door	Puerta de Metal Gruesa
latest/win/wrd_data/map_obj_name_text_US.SPC	ID267_elv_side_4_text.stx	4	Ultimate Robot Lab	Laboratorio del Robot Definitivo
latest/win/wrd_data/map_obj_name_text_US.SPC	ID267_elv_side_4_text.stx	5	Ninja Statue	Estatua de Ninja
latest/win/wrd_data/map_obj_name_text_US.SPC	ID267_elv_side_4_text.stx	6	Object with Indentation	Objeto con una Hendidura
latest/win/wrd_data/map_obj_name_text_US.SPC	ID267_elv_side_4_text.stx	7	Keyhole	Cerradura
latest/win/wrd_data/map_obj_name_text_US.SPC	ID267_elv_side_4_text.stx	8	Side of School Building	Costado del Edificio Principal
latest/win/wrd_data/map_obj_name_text_US.SPC	ID267_elv_side_4_text.stx	9	Scroll	Pergamino
latest/win/wrd_data/map_obj_name_text_US.SPC	ID267_elv_side_4_text.stx	10	Ultimate Robot Lab	Laboratorio del Robot Definitivo
latest/win/wrd_data/map_obj_name_text_US.SPC	ID267_elv_side_4_text.stx	11	Ultimate Robot Lab	Laboratorio del Robot Definitivo
latest/win/wrd_data/map_obj_name_text_US.SPC	ID270_sch_side_5_text.stx	0	School Building	Edificio Principal
latest/win/wrd_data/map_obj_name_text_US.SPC	ID270_sch_side_5_text.stx	1	Dining Hall	Comedor
latest/win/wrd_data/map_obj_name_text_US.SPC	ID270_sch_side_5_text.stx	2	Dormitory	Dormitorio
latest/win/wrd_data/map_obj_name_text_US.SPC	ID270_sch_side_5_text.stx	3	Pool	Piscina
latest/win/wrd_data/map_obj_name_text_US.SPC	ID270_sch_side_5_text.stx	4	Backyard	Patio Trasero
latest/win/wrd_data/map_obj_name_text_US.SPC	ID270_sch_side_5_text.stx	5	Backyard	Patio Trasero
latest/win/wrd_data/map_obj_name_text_US.SPC	ID270_sch_side_5_text.stx	6	Casino Area	Área de Casino
latest/win/wrd_data/map_obj_name_text_US.SPC	ID270_sch_side_5_text.stx	7	Mysterious Monument	Monumento Misterioso
latest/win/wrd_data/map_obj_name_text_US.SPC	ID270_sch_side_5_text.stx	8	Plants	Plantas
latest/win/wrd_data/map_obj_name_text_US.SPC	ID270_sch_side_5_text.stx	9	Hexagonal Protrusion	Saliente Hexagonal
latest/win/wrd_data/map_obj_name_text_US.SPC	ID270_sch_side_5_text.stx	10	Giant Door	Puerta Gigante
latest/win/wrd_data/map_obj_name_text_US.SPC	ID270_sch_side_5_text.stx	11	Giant Door	Puerta Gigante
latest/win/wrd_data/map_obj_name_text_US.SPC	ID270_sch_side_5_text.stx	12	Down the Big Stairs	Bajando las Escaleras Grandes
latest/win/wrd_data/map_obj_name_text_US.SPC	ID270_sch_side_5_text.stx	14	Card Reader	Lector de Tarjetas
latest/win/wrd_data/map_obj_name_text_US.SPC	ID271_elv_side_5_text.stx	0	Shrine of Judgment	Santuario del Juicio
latest/win/wrd_data/map_obj_name_text_US.SPC	ID271_elv_side_5_text.stx	1	Ultimate Aikido Master Lab	Laboratorio de la Maestra del Aikido Definitiva
latest/win/wrd_data/map_obj_name_text_US.SPC	ID271_elv_side_5_text.stx	2	Ultimate Inventor Lab	Laboratorio de la Inventora Definitiva
latest/win/wrd_data/map_obj_name_text_US.SPC	ID271_elv_side_5_text.stx	3	Thick Metal Door	Puerta de Metal Gruesa
latest/win/wrd_data/map_obj_name_text_US.SPC	ID271_elv_side_5_text.stx	4	Ultimate Robot Lab	Laboratorio del Robot Definitivo
latest/win/wrd_data/map_obj_name_text_US.SPC	ID271_elv_side_5_text.stx	5	Ninja Statue	Estatua de Ninja
latest/win/wrd_data/map_obj_name_text_US.SPC	ID271_elv_side_5_text.stx	6	Object with Indentation	Objeto con una Hendidura
latest/win/wrd_data/map_obj_name_text_US.SPC	ID271_elv_side_5_text.stx	7	Keyhole	Cerradura
latest/win/wrd_data/map_obj_name_text_US.SPC	ID271_elv_side_5_text.stx	8	Side of School Building	Costado del Edificio Principal
latest/win/wrd_data/map_obj_name_text_US.SPC	ID271_elv_side_5_text.stx	9	Scroll	Pergamino
latest/win/wrd_data/map_obj_name_text_US.SPC	ID271_elv_side_5_text.stx	10	Ultimate Robot Lab	Laboratorio del Robot Definitivo
latest/win/wrd_data/map_obj_name_text_US.SPC	ID271_elv_side_5_text.stx	11	Ultimate Robot Lab	Laboratorio del Robot Definitivo
latest/win/wrd_data/map_obj_name_text_US.SPC	ID272_backyard_c6_text.stx	0	Manhole	Alcantarilla
latest/win/wrd_data/map_obj_name_text_US.SPC	ID272_backyard_c6_text.stx	1	Mysterious Letters	Cartas Misteriosas
latest/win/wrd_data/map_obj_name_text_US.SPC	ID272_backyard_c6_text.stx	2	Right Door	Puerta Derecha
latest/win/wrd_data/map_obj_name_text_US.SPC	ID272_backyard_c6_text.stx	3	Left Door	Puerta Izquierda
latest/win/wrd_data/map_obj_name_text_US.SPC	ID272_backyard_c6_text.stx	4	Manhole Cover	Tapa de Alcantarilla
latest/win/wrd_data/map_obj_name_text_US.SPC	ID272_backyard_c6_text.stx	18	Rubble	Escombros
latest/win/wrd_data/map_obj_name_text_US.SPC	ID273_elevator_c1_text.stx	1	Monokuma Statue	Estatua de Monokuma
latest/win/wrd_data/map_obj_name_text_US.SPC	ID281_casino_area_0_text.stx	1	Love Suite	Suite del Amor
latest/win/wrd_data/map_obj_name_text_US.SPC	ID281_casino_area_0_text.stx	2	Side of School Building	Costado del Edificio Principal
latest/win/wrd_data/map_obj_name_text_US.SPC	ID287_cyber_area_0_text.stx	0	Door	Puerta
latest/win/wrd_data/map_obj_name_text_US.SPC	ID287_cyber_area_0_text.stx	1	Electrohammer	Electromartillo
latest/win/wrd_data/map_obj_name_text_US.SPC	ID287_cyber_area_0_text.stx	2	Shutter Operation Panel	Panel de Control del Portón
latest/win/wrd_data/map_obj_name_text_US.SPC	ID287_cyber_area_0_text.stx	3	Bathroom Window	Ventana del Baño
latest/win/wrd_data/map_obj_name_text_US.SPC	ID287_cyber_area_0_text.stx	4	Hangar Security Lamp	Lámpara de Seguridad del Hangar
latest/win/wrd_data/map_obj_name_text_US.SPC	ID287_cyber_area_0_text.stx	5	Hangar Security Lamp	Lámpara de Seguridad del Hangar
latest/win/wrd_data/map_obj_name_text_US.SPC	ID287_cyber_area_0_text.stx	6	Hangar Security Lamp	Lámpara de Seguridad del Hangar
latest/win/wrd_data/map_obj_name_text_US.SPC	ID287_cyber_area_0_text.stx	7	Electric Barrier	Barrera Eléctrica
latest/win/wrd_data/map_obj_name_text_US.SPC	ID287_cyber_area_0_text.stx	8	Hangar Security Lamp	Lámpara de Seguridad del Hangar
latest/win/wrd_data/map_obj_name_text_US.SPC	ID287_cyber_area_0_text.stx	9	Shutter Operation Panel	Panel de Control del Portón
latest/win/wrd_data/map_obj_name_text_US.SPC	ID287_cyber_area_0_text.stx	10	Shutter Operation Panel	Panel de Control del Portón
latest/win/wrd_data/map_obj_name_text_US.SPC	ID287_cyber_area_0_text.stx	11	Shutter Operation Panel	Panel de Control del Portón
latest/win/wrd_data/map_obj_name_text_US.SPC	ID287_cyber_area_0_text.stx	13	Hangar Shutter	Portón del Hangar
latest/win/wrd_data/map_obj_name_text_US.SPC	ID287_cyber_area_0_text.stx	14	Alarm System	Sistema de Alarma
latest/win/wrd_data/map_obj_name_text_US.SPC	ID287_cyber_area_0_text.stx	15	Hangar Shutter	Portón del Hangar
latest/win/wrd_data/map_obj_name_text_US.SPC	ID287_cyber_area_0_text.stx	16	Hangar Shutter	Portón del Hangar
latest/win/wrd_data/map_obj_name_text_US.SPC	ID287_cyber_area_0_text.stx	17	Hangar Shutter	Portón del Hangar
latest/win/wrd_data/map_obj_name_text_US.SPC	ID353_under_text.stx	1	Passage Entrance	Entrada al Pasadizo
latest/win/wrd_data/map_obj_name_text_US.SPC	ID353_under_text.stx	2	Exit Signboard	Letrero de Salida
latest/win/wrd_data/map_obj_name_text_US.SPC	ID353_under_text.stx	3	Ladder	Escalera de Mano
latest/win/wrd_data/map_obj_name_text_US.SPC	ID353_under_text.stx	4	Crane	Grúa
latest/win/wrd_data/map_obj_name_text_US.SPC	ID353_under_text.stx	5	Crane	Grúa
latest/win/wrd_data/map_obj_name_text_US.SPC	ID353_under_text.stx	6	Crane	Grúa
latest/win/wrd_data/map_obj_name_text_US.SPC	ID353_under_text.stx	7	Metal Rods	Barras de Metal
latest/win/wrd_data/map_obj_name_text_US.SPC	ID353_under_text.stx	8	Metal Rods	Barras de Metal
latest/win/wrd_data/map_obj_name_text_US.SPC	ID353_under_text.stx	9	Metal Rods	Barras de Metal
latest/win/wrd_data/map_obj_name_text_US.SPC	ID354_escapedeck_text.stx	1	Large Round Door	Puerta Redonda Grande
latest/win/wrd_data/map_obj_name_text_US.SPC	ID354_escapedeck_text.stx	2	Operation Panel	Panel de Control
latest/win/wrd_data/map_obj_name_text_US.SPC	ID354_escapedeck_text.stx	16	Door	Puerta
latest/win/wrd_data/map_obj_name_text_US.SPC	ID354_escapedeck_text.stx	17	Barrier	Barrera
latest/win/wrd_data/map_obj_name_text_US.SPC	ID400_loveapart_text.stx	0	Rotating Bed	Cama Giratoria
latest/win/wrd_data/map_obj_name_text_US.SPC	ID501_sch_1F_text.stx	0	Entrance Door	Puerta de Entrada
latest/win/wrd_data/map_obj_name_text_US.SPC	ID501_sch_1F_text.stx	1	Gym	Gimnasio
latest/win/wrd_data/map_obj_name_text_US.SPC	ID501_sch_1F_text.stx	2	Dining Hall	Comedor
latest/win/wrd_data/map_obj_name_text_US.SPC	ID501_sch_1F_text.stx	3	School Store	Tienda Escolar
latest/win/wrd_data/map_obj_name_text_US.SPC	ID501_sch_1F_text.stx	4	Warehouse	Almacén
latest/win/wrd_data/map_obj_name_text_US.SPC	ID501_sch_1F_text.stx	5	Classroom A	Aula A
latest/win/wrd_data/map_obj_name_text_US.SPC	ID501_sch_1F_text.stx	6	Boys Bathroom	Baño de Chicos
latest/win/wrd_data/map_obj_name_text_US.SPC	ID501_sch_1F_text.stx	7	Geometric Pattern Door	Puerta con Diseño Geométrico
latest/win/wrd_data/map_obj_name_text_US.SPC	ID501_sch_1F_text.stx	8	Girls Bathroom	Baño de Chicas
latest/win/wrd_data/map_obj_name_text_US.SPC	ID501_sch_1F_text.stx	9	Ultimate Magician Lab	Laboratorio de la Maga Definitiva
latest/win/wrd_data/map_obj_name_text_US.SPC	ID501_sch_1F_text.stx	10	Door	Puerta
latest/win/wrd_data/map_obj_name_text_US.SPC	ID501_sch_1F_text.stx	11	Geometric Pattern Door	Puerta con Diseño Geométrico
latest/win/wrd_data/map_obj_name_text_US.SPC	ID501_sch_1F_text.stx	12	2nd Floor	2do Piso
latest/win/wrd_data/map_obj_name_text_US.SPC	ID501_sch_1F_text.stx	13	Basement	Sótano
latest/win/wrd_data/map_obj_name_text_US.SPC	ID501_sch_1F_text.stx	21	End of Hallway	Final del Pasillo
latest/win/wrd_data/map_obj_name_text_US.SPC	ID502_sch_2F_text.stx	0	Classroom B	Aula B
latest/win/wrd_data/map_obj_name_text_US.SPC	ID502_sch_2F_text.stx	1	Ultimate Pianist Lab	Laboratorio de la Pianista Definitiva
latest/win/wrd_data/map_obj_name_text_US.SPC	ID502_sch_2F_text.stx	2	Ultimate Maid Lab	Laboratorio de la Mucama Definitiva
latest/win/wrd_data/map_obj_name_text_US.SPC	ID502_sch_2F_text.stx	3	Ultimate Entomologist Lab	Laboratorio del Entomólogo Definitivo
latest/win/wrd_data/map_obj_name_text_US.SPC	ID502_sch_2F_text.stx	4	1st Floor	1er Piso
latest/win/wrd_data/map_obj_name_text_US.SPC	ID502_sch_2F_text.stx	5	3rd Floor	3er Piso
latest/win/wrd_data/map_obj_name_text_US.SPC	ID502_sch_2F_text.stx	6	Bronze Dragon Statue	Estatua de Dragón de Bronce
latest/win/wrd_data/map_obj_name_text_US.SPC	ID502_sch_2F_text.stx	7	Treasure Chest	Cofre del Tesoro
latest/win/wrd_data/map_obj_name_text_US.SPC	ID502_sch_2F_text.stx	10	Classroom C	Aula C
latest/win/wrd_data/map_obj_name_text_US.SPC	ID504_sch_B1_text.stx	0	Library	Biblioteca
latest/win/wrd_data/map_obj_name_text_US.SPC	ID504_sch_B1_text.stx	1	A/V Room	Sala de Medios A/V
latest/win/wrd_data/map_obj_name_text_US.SPC	ID504_sch_B1_text.stx	2	Game Room	Sala de Juegos
latest/win/wrd_data/map_obj_name_text_US.SPC	ID504_sch_B1_text.stx	3	Library	Biblioteca
latest/win/wrd_data/map_obj_name_text_US.SPC	ID504_sch_B1_text.stx	4	Air Vent	Ventilación
latest/win/wrd_data/map_obj_name_text_US.SPC	ID504_sch_B1_text.stx	5	1st Floor	1er Piso
latest/win/wrd_data/map_obj_name_text_US.SPC	ID510_cafe_text.stx	1	Rules	Reglas
latest/win/wrd_data/map_obj_name_text_US.SPC	ID510_cafe_text.stx	2	Terrace Door	Puerta de la Terraza
latest/win/wrd_data/map_obj_name_text_US.SPC	ID510_cafe_text.stx	3	Barbed Wire	Alambre de Púas
latest/win/wrd_data/map_obj_name_text_US.SPC	ID510_cafe_text.stx	4	Grass	Pasto
latest/win/wrd_data/map_obj_name_text_US.SPC	ID510_cafe_text.stx	5	Clean Floor	Piso Limpio
latest/win/wrd_data/map_obj_name_text_US.SPC	ID510_cafe_text.stx	6	Knife	Cuchillo
latest/win/wrd_data/map_obj_name_text_US.SPC	ID515_warehousea_text.stx	2	Shot Put Ball	Bola de Peso
latest/win/wrd_data/map_obj_name_text_US.SPC	ID515_warehousea_text.stx	3	RC Helicopter	Helicóptero a Control Remoto
latest/win/wrd_data/map_obj_name_text_US.SPC	ID515_warehousea_text.stx	4	High Jump Bar	Barra de Salto Alto
latest/win/wrd_data/map_obj_name_text_US.SPC	ID515_warehousea_text.stx	5	Mat	Colchoneta
latest/win/wrd_data/map_obj_name_text_US.SPC	ID515_warehousea_text.stx	6	Hurdle	Valla
latest/win/wrd_data/map_obj_name_text_US.SPC	ID515_warehousea_text.stx	7	Disposable Camera	Cámara Desechable
latest/win/wrd_data/map_obj_name_text_US.SPC	ID515_warehousea_text.stx	8	Photographic Developer	Revelador Fotográfico
latest/win/wrd_data/map_obj_name_text_US.SPC	ID517_classRoom_A_text.stx	0	Blackboard	Pizarrón
latest/win/wrd_data/map_obj_name_text_US.SPC	ID517_classRoom_A_text.stx	1	Window	Ventana
latest/win/wrd_data/map_obj_name_text_US.SPC	ID517_classRoom_A_text.stx	2	Teacher's Desk	Escritorio del Profesor
latest/win/wrd_data/map_obj_name_text_US.SPC	ID517_classRoom_A_text.stx	3	Closed Door	Puerta Cerrada
latest/win/wrd_data/map_obj_name_text_US.SPC	ID517_classRoom_A_text.stx	4	Open Door	Puerta Abierta
latest/win/wrd_data/map_obj_name_text_US.SPC	ID517_classRoom_A_text.stx	5	Air Vent	Ventilación
latest/win/wrd_data/map_obj_name_text_US.SPC	ID542_sch_1F_text.stx	0	Entrance Door	Puerta de Entrada
latest/win/wrd_data/map_obj_name_text_US.SPC	ID542_sch_1F_text.stx	1	Gym	Gimnasio
latest/win/wrd_data/map_obj_name_text_US.SPC	ID542_sch_1F_text.stx	2	Dining Hall	Comedor
latest/win/wrd_data/map_obj_name_text_US.SPC	ID542_sch_1F_text.stx	3	School Store	Tienda Escolar
latest/win/wrd_data/map_obj_name_text_US.SPC	ID542_sch_1F_text.stx	4	Warehouse	Almacén
latest/win/wrd_data/map_obj_name_text_US.SPC	ID542_sch_1F_text.stx	5	Classroom A	Aula A
latest/win/wrd_data/map_obj_name_text_US.SPC	ID542_sch_1F_text.stx	6	Boys Bathroom	Baño de Chicos
latest/win/wrd_data/map_obj_name_text_US.SPC	ID542_sch_1F_text.stx	7	Geometric Pattern Door	Puerta con Diseño Geométrico
latest/win/wrd_data/map_obj_name_text_US.SPC	ID542_sch_1F_text.stx	8	Girls Bathroom	Baño de Chicas
latest/win/wrd_data/map_obj_name_text_US.SPC	ID542_sch_1F_text.stx	9	Ultimate Magician Lab	Laboratorio de la Maga Definitiva
latest/win/wrd_data/map_obj_name_text_US.SPC	ID542_sch_1F_text.stx	10	Door	Puerta
latest/win/wrd_data/map_obj_name_text_US.SPC	ID542_sch_1F_text.stx	11	Geometric Pattern Door	Puerta con Diseño Geométrico
latest/win/wrd_data/map_obj_name_text_US.SPC	ID542_sch_1F_text.stx	12	2nd Floor	2do Piso
latest/win/wrd_data/map_obj_name_text_US.SPC	ID542_sch_1F_text.stx	13	Basement	Sótano
latest/win/wrd_data/map_obj_name_text_US.SPC	ID542_sch_1F_text.stx	21	End of Hallway	Final del Pasillo
latest/win/wrd_data/map_obj_name_text_US.SPC	ID570_sch_1F_text.stx	0	Entrance Door	Puerta de Entrada
latest/win/wrd_data/map_obj_name_text_US.SPC	ID570_sch_1F_text.stx	1	Gym	Gimnasio
latest/win/wrd_data/map_obj_name_text_US.SPC	ID570_sch_1F_text.stx	2	Dining Hall	Comedor
latest/win/wrd_data/map_obj_name_text_US.SPC	ID570_sch_1F_text.stx	3	School Store	Tienda Escolar
latest/win/wrd_data/map_obj_name_text_US.SPC	ID570_sch_1F_text.stx	4	Warehouse	Almacén
latest/win/wrd_data/map_obj_name_text_US.SPC	ID570_sch_1F_text.stx	5	Classroom A	Aula A
latest/win/wrd_data/map_obj_name_text_US.SPC	ID570_sch_1F_text.stx	6	Boys Bathroom	Baño de Chicos
latest/win/wrd_data/map_obj_name_text_US.SPC	ID570_sch_1F_text.stx	7	Geometric Pattern Door	Puerta con Diseño Geométrico
latest/win/wrd_data/map_obj_name_text_US.SPC	ID570_sch_1F_text.stx	8	Girls Bathroom	Baño de Chicas
latest/win/wrd_data/map_obj_name_text_US.SPC	ID570_sch_1F_text.stx	9	Ultimate Magician Lab	Laboratorio de la Maga Definitiva
latest/win/wrd_data/map_obj_name_text_US.SPC	ID570_sch_1F_text.stx	10	Door	Puerta
latest/win/wrd_data/map_obj_name_text_US.SPC	ID570_sch_1F_text.stx	11	Geometric Pattern Door	Puerta con Diseño Geométrico
latest/win/wrd_data/map_obj_name_text_US.SPC	ID570_sch_1F_text.stx	12	2nd Floor	2do Piso
latest/win/wrd_data/map_obj_name_text_US.SPC	ID570_sch_1F_text.stx	13	Basement	Sótano
latest/win/wrd_data/map_obj_name_text_US.SPC	ID570_sch_1F_text.stx	21	End of Hallway	Final del Pasillo
latest/win/wrd_data/map_obj_name_text_US.SPC	ID570_sch_1F_text.stx	22	Grass	Pasto
latest/win/wrd_data/map_obj_name_text_US.SPC	ID571_sch_1F_text.stx	0	Entrance Door	Puerta de Entrada
latest/win/wrd_data/map_obj_name_text_US.SPC	ID571_sch_1F_text.stx	1	Gym	Gimnasio
latest/win/wrd_data/map_obj_name_text_US.SPC	ID571_sch_1F_text.stx	2	Dining Hall	Comedor
latest/win/wrd_data/map_obj_name_text_US.SPC	ID571_sch_1F_text.stx	3	School Store	Tienda Escolar
latest/win/wrd_data/map_obj_name_text_US.SPC	ID571_sch_1F_text.stx	4	Warehouse	Almacén
latest/win/wrd_data/map_obj_name_text_US.SPC	ID571_sch_1F_text.stx	5	Classroom A	Aula A
latest/win/wrd_data/map_obj_name_text_US.SPC	ID571_sch_1F_text.stx	6	Boys Bathroom	Baño de Chicos
latest/win/wrd_data/map_obj_name_text_US.SPC	ID571_sch_1F_text.stx	7	Geometric Pattern Door	Puerta con Diseño Geométrico
latest/win/wrd_data/map_obj_name_text_US.SPC	ID571_sch_1F_text.stx	8	Girls Bathroom	Baño de Chicas
latest/win/wrd_data/map_obj_name_text_US.SPC	ID571_sch_1F_text.stx	9	Ultimate Magician Lab	Laboratorio de la Maga Definitiva
latest/win/wrd_data/map_obj_name_text_US.SPC	ID571_sch_1F_text.stx	10	Door	Puerta
latest/win/wrd_data/map_obj_name_text_US.SPC	ID571_sch_1F_text.stx	11	Geometric Pattern Door	Puerta con Diseño Geométrico
latest/win/wrd_data/map_obj_name_text_US.SPC	ID571_sch_1F_text.stx	12	2nd Floor	2do Piso
latest/win/wrd_data/map_obj_name_text_US.SPC	ID571_sch_1F_text.stx	13	Basement	Sótano
latest/win/wrd_data/map_obj_name_text_US.SPC	ID571_sch_1F_text.stx	21	End of Hallway	Final del Pasillo
latest/win/wrd_data/map_obj_name_text_US.SPC	ID571_sch_1F_text.stx	22	Overgrown Grass	Pasto Crecido
latest/win/wrd_data/map_obj_name_text_US.SPC	ID572_sch_2F_text.stx	0	Classroom B	Aula B
latest/win/wrd_data/map_obj_name_text_US.SPC	ID572_sch_2F_text.stx	1	Ultimate Pianist Lab	Laboratorio de la Pianista Definitiva
latest/win/wrd_data/map_obj_name_text_US.SPC	ID572_sch_2F_text.stx	2	Ultimate Maid Lab	Laboratorio de la Mucama Definitiva
latest/win/wrd_data/map_obj_name_text_US.SPC	ID572_sch_2F_text.stx	3	Ultimate Entomologist Lab	Laboratorio del Entomólogo Definitivo
latest/win/wrd_data/map_obj_name_text_US.SPC	ID572_sch_2F_text.stx	4	1st Floor	1er Piso
latest/win/wrd_data/map_obj_name_text_US.SPC	ID572_sch_2F_text.stx	5	2nd Floor	2do Piso
latest/win/wrd_data/map_obj_name_text_US.SPC	ID572_sch_2F_text.stx	6	Bronze Dragon Statue	Estatua de Dragón de Bronce
latest/win/wrd_data/map_obj_name_text_US.SPC	ID572_sch_2F_text.stx	7	Treasure Chest	Cofre del Tesoro
latest/win/wrd_data/map_obj_name_text_US.SPC	ID572_sch_2F_text.stx	10	Classroom C	Aula C
latest/win/wrd_data/map_obj_name_text_US.SPC	ID573_sch_3F_text.stx	0	Stairs	Escaleras
latest/win/wrd_data/map_obj_name_text_US.SPC	ID573_sch_3F_text.stx	1	Ultimate Tennis Pro Lab	Laboratorio del Tenista Pro Definitivo
latest/win/wrd_data/map_obj_name_text_US.SPC	ID573_sch_3F_text.stx	2	Kaito Lab ※Already removed	Laboratorio de Kaito ※Ya eliminado
latest/win/wrd_data/map_obj_name_text_US.SPC	ID573_sch_3F_text.stx	3	3F Research Lab A ※Already removed	Laboratorio A del 3er Piso ※Ya eliminado
latest/win/wrd_data/map_obj_name_text_US.SPC	ID573_sch_3F_text.stx	4	3F Research Lab B ※Already removed	Laboratorio B del 3er Piso ※Ya eliminado
latest/win/wrd_data/map_obj_name_text_US.SPC	ID573_sch_3F_text.stx	5	Stairs	Escaleras
latest/win/wrd_data/map_obj_name_text_US.SPC	ID573_sch_3F_text.stx	6	Ultimate Assassin Lab	Laboratorio de la Asesina Definitiva
latest/win/wrd_data/map_obj_name_text_US.SPC	ID573_sch_3F_text.stx	7	Large Door	Puerta Grande
latest/win/wrd_data/map_obj_name_text_US.SPC	ID600_residence_text.stx	0	Door	Puerta
latest/win/wrd_data/map_obj_name_text_US.SPC	ID600_residence_text.stx	1	Door	Puerta
latest/win/wrd_data/map_obj_name_text_US.SPC	ID600_residence_text.stx	2	Door	Puerta
latest/win/wrd_data/map_obj_name_text_US.SPC	ID600_residence_text.stx	3	Door	Puerta
latest/win/wrd_data/map_obj_name_text_US.SPC	ID600_residence_text.stx	4	Door	Puerta
latest/win/wrd_data/map_obj_name_text_US.SPC	ID600_residence_text.stx	5	Door	Puerta
latest/win/wrd_data/map_obj_name_text_US.SPC	ID600_residence_text.stx	6	Door	Puerta
latest/win/wrd_data/map_obj_name_text_US.SPC	ID600_residence_text.stx	7	Door	Puerta
latest/win/wrd_data/map_obj_name_text_US.SPC	ID600_residence_text.stx	8	Door	Puerta
latest/win/wrd_data/map_obj_name_text_US.SPC	ID600_residence_text.stx	9	Door	Puerta
latest/win/wrd_data/map_obj_name_text_US.SPC	ID600_residence_text.stx	10	Door	Puerta
latest/win/wrd_data/map_obj_name_text_US.SPC	ID600_residence_text.stx	11	Door	Puerta
latest/win/wrd_data/map_obj_name_text_US.SPC	ID600_residence_text.stx	12	Door	Puerta
latest/win/wrd_data/map_obj_name_text_US.SPC	ID600_residence_text.stx	13	Door	Puerta
latest/win/wrd_data/map_obj_name_text_US.SPC	ID600_residence_text.stx	14	Door	Puerta
latest/win/wrd_data/map_obj_name_text_US.SPC	ID600_residence_text.stx	15	Door	Puerta
latest/win/wrd_data/map_obj_name_text_US.SPC	ID600_residence_text.stx	16	Door	Puerta
latest/win/wrd_data/map_obj_name_text_US.SPC	ID600_residence_text.stx	18	Door	Puerta
latest/win/wrd_data/map_obj_name_text_US.SPC	ID600_residence_text.stx	19	Door	Puerta
latest/win/wrd_data/map_obj_name_text_US.SPC	ID601_Private_00_text.stx	0	Door	Puerta
latest/win/wrd_data/map_obj_name_text_US.SPC	ID601_Private_00_text.stx	2	Bed	Cama
latest/win/wrd_data/map_obj_name_text_US.SPC	ID601_Private_00_text.stx	3	Lighting	Iluminación
latest/win/wrd_data/map_obj_name_text_US.SPC	ID601_Private_00_text.stx	4	Closet	Clóset
latest/win/wrd_data/map_obj_name_text_US.SPC	ID601_Private_00_text.stx	5	Shelf	Estante
latest/win/wrd_data/map_obj_name_text_US.SPC	ID601_Private_00_text.stx	6	Hidden Monokuma No. 1	Monokuma Oculto N.º 1
latest/win/wrd_data/map_obj_name_text_US.SPC	ID601_Private_00_text.stx	7	Hidden Monokuma No. 2	Monokuma Oculto N.º 2
latest/win/wrd_data/map_obj_name_text_US.SPC	ID601_Private_00_text.stx	8	Hidden Monokuma No. 3	Monokuma Oculto N.º 3
latest/win/wrd_data/map_obj_name_text_US.SPC	ID601_Private_00_text.stx	9	Hidden Monokuma No. 4	Monokuma Oculto N.º 4
latest/win/wrd_data/map_obj_name_text_US.SPC	ID601_Private_00_text.stx	10	Hidden Monokuma No. 5	Monokuma Oculto N.º 5
latest/win/wrd_data/map_obj_name_text_US.SPC	ID601_Private_00_text.stx	11	Hidden Monokuma No. 6	Monokuma Oculto N.º 6
latest/win/wrd_data/map_obj_name_text_US.SPC	ID601_Private_00_text.stx	12	Hidden Monokuma No. 7	Monokuma Oculto N.º 7
latest/win/wrd_data/map_obj_name_text_US.SPC	ID601_Private_00_text.stx	13	Hidden Monokuma No. 8	Monokuma Oculto N.º 8
latest/win/wrd_data/map_obj_name_text_US.SPC	ID601_Private_00_text.stx	14	Hidden Monokuma No. 9	Monokuma Oculto N.º 9
latest/win/wrd_data/map_obj_name_text_US.SPC	ID601_Private_00_text.stx	15	Hidden Monokuma No. 10	Monokuma Oculto N.º 10
latest/win/wrd_data/map_obj_name_text_US.SPC	ID601_Private_00_text.stx	16	Hidden Monokuma No. 11	Monokuma Oculto N.º 11
latest/win/wrd_data/map_obj_name_text_US.SPC	ID601_Private_00_text.stx	17	Hidden Monokuma No. 12	Monokuma Oculto N.º 12
latest/win/wrd_data/map_obj_name_text_US.SPC	ID601_Private_00_text.stx	18	Hidden Monokuma No. 13	Monokuma Oculto N.º 13
latest/win/wrd_data/map_obj_name_text_US.SPC	ID601_Private_00_text.stx	19	Hidden Monokuma No. 14	Monokuma Oculto N.º 14
latest/win/wrd_data/map_obj_name_text_US.SPC	ID601_Private_00_text.stx	20	Hidden Monokuma No. 15	Monokuma Oculto N.º 15
latest/win/wrd_data/map_obj_name_text_US.SPC	ID601_Private_00_text.stx	21	Hidden Monokuma No. 16	Monokuma Oculto N.º 16
latest/win/wrd_data/map_obj_name_text_US.SPC	ID601_Private_00_text.stx	22	Hidden Monokuma No. 17	Monokuma Oculto N.º 17
latest/win/wrd_data/map_obj_name_text_US.SPC	ID601_Private_00_text.stx	23	Hidden Monokuma No. 18	Monokuma Oculto N.º 18
latest/win/wrd_data/map_obj_name_text_US.SPC	ID601_Private_00_text.stx	24	Hidden Monokuma No. 19	Monokuma Oculto N.º 19
latest/win/wrd_data/map_obj_name_text_US.SPC	ID601_Private_00_text.stx	25	Hidden Monokuma No. 20	Monokuma Oculto N.º 20
latest/win/wrd_data/map_obj_name_text_US.SPC	ID601_Private_00_text.stx	26	Hidden Monokuma No. 21	Monokuma Oculto N.º 21
latest/win/wrd_data/map_obj_name_text_US.SPC	ID601_Private_00_text.stx	27	Hidden Monokuma No. 22	Monokuma Oculto N.º 22
latest/win/wrd_data/map_obj_name_text_US.SPC	ID601_Private_00_text.stx	28	Hidden Monokuma No. 23	Monokuma Oculto N.º 23
latest/win/wrd_data/map_obj_name_text_US.SPC	ID601_Private_00_text.stx	29	Hidden Monokuma No. 24	Monokuma Oculto N.º 24
latest/win/wrd_data/map_obj_name_text_US.SPC	ID601_Private_00_text.stx	30	Hidden Monokuma No. 25	Monokuma Oculto N.º 25
latest/win/wrd_data/map_obj_name_text_US.SPC	ID601_Private_00_text.stx	31	Hidden Monokuma No. 26	Monokuma Oculto N.º 26
latest/win/wrd_data/map_obj_name_text_US.SPC	ID601_Private_00_text.stx	32	Hidden Monokuma No. 27	Monokuma Oculto N.º 27
latest/win/wrd_data/map_obj_name_text_US.SPC	ID601_Private_00_text.stx	33	Hidden Monokuma No. 28	Monokuma Oculto N.º 28
latest/win/wrd_data/map_obj_name_text_US.SPC	ID601_Private_00_text.stx	34	Hidden Monokuma No. 29	Monokuma Oculto N.º 29
latest/win/wrd_data/map_obj_name_text_US.SPC	ID601_Private_00_text.stx	35	Hidden Monokuma No. 30	Monokuma Oculto N.º 30
latest/win/wrd_data/map_obj_name_text_US.SPC	ID601_Private_00_text.stx	43	Electrohammer	Electromartillo
latest/win/wrd_data/map_obj_name_text_US.SPC	ID601_Private_00_text.stx	44	Electrohammer	Electromartillo
latest/win/wrd_data/map_obj_name_text_US.SPC	ID616_Private_15_text.stx	0	Door	Puerta
latest/win/wrd_data/map_obj_name_text_US.SPC	ID616_Private_15_text.stx	2	Bed	Cama
latest/win/wrd_data/map_obj_name_text_US.SPC	ID616_Private_15_text.stx	3	Lighting	Iluminación
latest/win/wrd_data/map_obj_name_text_US.SPC	ID616_Private_15_text.stx	4	Closet	Clóset
latest/win/wrd_data/map_obj_name_text_US.SPC	ID616_Private_15_text.stx	12	Key	Llave
latest/win/wrd_data/map_obj_name_text_US.SPC	ID616_Private_15_text.stx	13	Key Stand	Soporte de Llaves
latest/win/wrd_data/map_obj_name_text_US.SPC	ID655_lab_akamatu_text.stx	0	Speakers	Altavoces
latest/win/wrd_data/map_obj_name_text_US.SPC	ID655_lab_akamatu_text.stx	1	CD Rack	Estante de CD
latest/win/wrd_data/map_obj_name_text_US.SPC	ID655_lab_akamatu_text.stx	3	Door	Puerta
latest/win/wrd_data/map_obj_name_text_US.SPC	ID749_sch_side_0_text.stx	0	School Building	Edificio Principal
latest/win/wrd_data/map_obj_name_text_US.SPC	ID749_sch_side_0_text.stx	1	Dining Hall	Comedor
latest/win/wrd_data/map_obj_name_text_US.SPC	ID749_sch_side_0_text.stx	2	Dormitory	Dormitorio
latest/win/wrd_data/map_obj_name_text_US.SPC	ID749_sch_side_0_text.stx	3	Pool	Piscina
latest/win/wrd_data/map_obj_name_text_US.SPC	ID749_sch_side_0_text.stx	4	Backyard	Patio Trasero
latest/win/wrd_data/map_obj_name_text_US.SPC	ID749_sch_side_0_text.stx	5	Backyard	Patio Trasero
latest/win/wrd_data/map_obj_name_text_US.SPC	ID749_sch_side_0_text.stx	6	Casino Area	Área de Casino
latest/win/wrd_data/map_obj_name_text_US.SPC	ID749_sch_side_0_text.stx	7	Mysterious Monument	Monumento Misterioso
latest/win/wrd_data/map_obj_name_text_US.SPC	ID749_sch_side_0_text.stx	8	Plants	Plantas
latest/win/wrd_data/map_obj_name_text_US.SPC	ID749_sch_side_0_text.stx	9	Hexagonal Protrusion	Saliente Hexagonal
latest/win/wrd_data/map_obj_name_text_US.SPC	ID749_sch_side_0_text.stx	10	Giant Door	Puerta Gigante
latest/win/wrd_data/map_obj_name_text_US.SPC	ID749_sch_side_0_text.stx	11	Giant Door	Puerta Gigante
latest/win/wrd_data/map_obj_name_text_US.SPC	ID749_sch_side_0_text.stx	12	Down the Big Stairs	Bajando las Escaleras Grandes
latest/win/wrd_data/map_obj_name_text_US.SPC	ID751_elv_side_0_text.stx	0	Shrine of Judgment	Santuario del Juicio
latest/win/wrd_data/map_obj_name_text_US.SPC	ID751_elv_side_0_text.stx	1	Ultimate Aikido Master Lab	Laboratorio de la Maestra del Aikido Definitiva
latest/win/wrd_data/map_obj_name_text_US.SPC	ID751_elv_side_0_text.stx	2	Ultimate Inventor Lab	Laboratorio de la Inventora Definitiva
latest/win/wrd_data/map_obj_name_text_US.SPC	ID751_elv_side_0_text.stx	3	Thick Metal Door	Puerta de Metal Gruesa
latest/win/wrd_data/map_obj_name_text_US.SPC	ID751_elv_side_0_text.stx	4	Ultimate Robot Lab	Laboratorio del Robot Definitivo
latest/win/wrd_data/map_obj_name_text_US.SPC	ID751_elv_side_0_text.stx	5	Ninja Statue	Estatua de Ninja
latest/win/wrd_data/map_obj_name_text_US.SPC	ID751_elv_side_0_text.stx	6	Object with Indentation	Objeto con una Hendidura
latest/win/wrd_data/map_obj_name_text_US.SPC	ID751_elv_side_0_text.stx	7	Keyhole	Cerradura
latest/win/wrd_data/map_obj_name_text_US.SPC	ID751_elv_side_0_text.stx	8	Side of School Building	Costado del Edificio Principal
latest/win/wrd_data/map_obj_name_text_US.SPC	ID751_elv_side_0_text.stx	9	Scroll	Pergamino
latest/win/wrd_data/map_obj_name_text_US.SPC	ID751_elv_side_0_text.stx	10	Ultimate Robot Lab	Laboratorio del Robot Definitivo
latest/win/wrd_data/map_obj_name_text_US.SPC	ID751_elv_side_0_text.stx	11	Ultimate Robot Lab	Laboratorio del Robot Definitivo
latest/win/wrd_data/map_obj_name_text_US.SPC	ID752_backyard_c1_text.stx	0	Manhole	Alcantarilla
latest/win/wrd_data/map_obj_name_text_US.SPC	ID752_backyard_c1_text.stx	1	Mysterious Letters	Cartas Misteriosas
latest/win/wrd_data/map_obj_name_text_US.SPC	ID752_backyard_c1_text.stx	2	Right Door	Puerta Derecha
latest/win/wrd_data/map_obj_name_text_US.SPC	ID752_backyard_c1_text.stx	3	Left Door	Puerta Izquierda
latest/win/wrd_data/map_obj_name_text_US.SPC	ID752_backyard_c1_text.stx	4	Manhole Cover	Tapa de Alcantarilla
latest/win/wrd_data/map_obj_name_text_US.SPC	ID752_backyard_c1_text.stx	18	Rubble	Escombros
latest/win/wrd_data/map_obj_name_text_US.SPC	ID753_elevator_c1_text.stx	1	Monokuma Statue	Estatua de Monokuma
latest/win/wrd_data/map_obj_name_text_US.SPC	ID755_sch_side_1_text.stx	0	School Building	Edificio Principal
latest/win/wrd_data/map_obj_name_text_US.SPC	ID755_sch_side_1_text.stx	1	Dining Hall	Comedor
latest/win/wrd_data/map_obj_name_text_US.SPC	ID755_sch_side_1_text.stx	2	Dormitory	Dormitorio
latest/win/wrd_data/map_obj_name_text_US.SPC	ID755_sch_side_1_text.stx	3	Pool	Piscina
latest/win/wrd_data/map_obj_name_text_US.SPC	ID755_sch_side_1_text.stx	4	Backyard	Patio Trasero
latest/win/wrd_data/map_obj_name_text_US.SPC	ID755_sch_side_1_text.stx	5	Backyard	Patio Trasero
latest/win/wrd_data/map_obj_name_text_US.SPC	ID755_sch_side_1_text.stx	6	Casino Area	Área de Casino
latest/win/wrd_data/map_obj_name_text_US.SPC	ID755_sch_side_1_text.stx	7	Mysterious Monument	Monumento Misterioso
latest/win/wrd_data/map_obj_name_text_US.SPC	ID755_sch_side_1_text.stx	8	Plants	Plantas
latest/win/wrd_data/map_obj_name_text_US.SPC	ID755_sch_side_1_text.stx	9	Hexagonal Protrusion	Saliente Hexagonal
latest/win/wrd_data/map_obj_name_text_US.SPC	ID755_sch_side_1_text.stx	10	Giant Door	Puerta Gigante
latest/win/wrd_data/map_obj_name_text_US.SPC	ID755_sch_side_1_text.stx	11	Giant Door	Puerta Gigante
latest/win/wrd_data/map_obj_name_text_US.SPC	ID755_sch_side_1_text.stx	12	Down the Big Stairs	Bajando las Escaleras Grandes
latest/win/wrd_data/map_obj_name_text_US.SPC	ID756_elv_side_1_text.stx	0	Shrine of Judgment	Santuario del Juicio
latest/win/wrd_data/map_obj_name_text_US.SPC	ID756_elv_side_1_text.stx	1	Ultimate Aikido Master Lab	Laboratorio de la Maestra del Aikido Definitiva
latest/win/wrd_data/map_obj_name_text_US.SPC	ID756_elv_side_1_text.stx	2	Ultimate Inventor Lab	Laboratorio de la Inventora Definitiva
latest/win/wrd_data/map_obj_name_text_US.SPC	ID756_elv_side_1_text.stx	3	Thick Metal Door	Puerta de Metal Gruesa
latest/win/wrd_data/map_obj_name_text_US.SPC	ID756_elv_side_1_text.stx	4	Ultimate Robot Lab	Laboratorio del Robot Definitivo
latest/win/wrd_data/map_obj_name_text_US.SPC	ID756_elv_side_1_text.stx	5	Ninja Statue	Estatua de Ninja
latest/win/wrd_data/map_obj_name_text_US.SPC	ID756_elv_side_1_text.stx	6	Object with Indentation	Objeto con una Hendidura
latest/win/wrd_data/map_obj_name_text_US.SPC	ID756_elv_side_1_text.stx	7	Keyhole	Cerradura
latest/win/wrd_data/map_obj_name_text_US.SPC	ID756_elv_side_1_text.stx	8	Side of School Building	Costado del Edificio Principal
latest/win/wrd_data/map_obj_name_text_US.SPC	ID756_elv_side_1_text.stx	9	Scroll	Pergamino
latest/win/wrd_data/map_obj_name_text_US.SPC	ID756_elv_side_1_text.stx	10	Ultimate Robot Lab	Laboratorio del Robot Definitivo
latest/win/wrd_data/map_obj_name_text_US.SPC	ID756_elv_side_1_text.stx	11	Ultimate Robot Lab	Laboratorio del Robot Definitivo
latest/win/wrd_data/map_obj_name_text_US.SPC	ID758_sch_side_2_text.stx	0	School Building	Edificio Principal
latest/win/wrd_data/map_obj_name_text_US.SPC	ID758_sch_side_2_text.stx	1	Dining Hall	Comedor
latest/win/wrd_data/map_obj_name_text_US.SPC	ID758_sch_side_2_text.stx	2	Dormitory	Dormitorio
latest/win/wrd_data/map_obj_name_text_US.SPC	ID758_sch_side_2_text.stx	3	Pool	Piscina
latest/win/wrd_data/map_obj_name_text_US.SPC	ID758_sch_side_2_text.stx	4	Backyard	Patio Trasero
latest/win/wrd_data/map_obj_name_text_US.SPC	ID758_sch_side_2_text.stx	5	Backyard	Patio Trasero
latest/win/wrd_data/map_obj_name_text_US.SPC	ID758_sch_side_2_text.stx	6	Casino Area	Área de Casino
latest/win/wrd_data/map_obj_name_text_US.SPC	ID758_sch_side_2_text.stx	7	Mysterious Monument	Monumento Misterioso
latest/win/wrd_data/map_obj_name_text_US.SPC	ID758_sch_side_2_text.stx	8	Plants	Plantas
latest/win/wrd_data/map_obj_name_text_US.SPC	ID758_sch_side_2_text.stx	9	Hexagonal Protrusion	Saliente Hexagonal
latest/win/wrd_data/map_obj_name_text_US.SPC	ID758_sch_side_2_text.stx	10	Giant Door	Puerta Gigante
latest/win/wrd_data/map_obj_name_text_US.SPC	ID758_sch_side_2_text.stx	11	Giant Door	Puerta Gigante
latest/win/wrd_data/map_obj_name_text_US.SPC	ID758_sch_side_2_text.stx	12	Down the Big Stairs	Bajando las Escaleras Grandes
latest/win/wrd_data/map_obj_name_text_US.SPC	ID759_elv_side_2_text.stx	0	Shrine of Judgment	Santuario del Juicio
latest/win/wrd_data/map_obj_name_text_US.SPC	ID759_elv_side_2_text.stx	1	Ultimate Aikido Master Lab	Laboratorio de la Maestra del Aikido Definitiva
latest/win/wrd_data/map_obj_name_text_US.SPC	ID759_elv_side_2_text.stx	2	Ultimate Inventor Lab	Laboratorio de la Inventora Definitiva
latest/win/wrd_data/map_obj_name_text_US.SPC	ID759_elv_side_2_text.stx	3	Thick Metal Door	Puerta de Metal Gruesa
latest/win/wrd_data/map_obj_name_text_US.SPC	ID759_elv_side_2_text.stx	4	Ultimate Robot Lab	Laboratorio del Robot Definitivo
latest/win/wrd_data/map_obj_name_text_US.SPC	ID759_elv_side_2_text.stx	5	Ninja Statue	Estatua de Ninja
latest/win/wrd_data/map_obj_name_text_US.SPC	ID759_elv_side_2_text.stx	6	Object with Indentation	Objeto con una Hendidura
latest/win/wrd_data/map_obj_name_text_US.SPC	ID759_elv_side_2_text.stx	7	Keyhole	Cerradura
latest/win/wrd_data/map_obj_name_text_US.SPC	ID759_elv_side_2_text.stx	8	Side of School Building	Costado del Edificio Principal
latest/win/wrd_data/map_obj_name_text_US.SPC	ID759_elv_side_2_text.stx	9	Scroll	Pergamino
latest/win/wrd_data/map_obj_name_text_US.SPC	ID759_elv_side_2_text.stx	10	Ultimate Robot Lab	Laboratorio del Robot Definitivo
latest/win/wrd_data/map_obj_name_text_US.SPC	ID759_elv_side_2_text.stx	11	Ultimate Robot Lab	Laboratorio del Robot Definitivo
latest/win/wrd_data/map_obj_name_text_US.SPC	ID762_sch_side_3_text.stx	0	School Building	Edificio Principal
latest/win/wrd_data/map_obj_name_text_US.SPC	ID762_sch_side_3_text.stx	1	Dining Hall	Comedor
latest/win/wrd_data/map_obj_name_text_US.SPC	ID762_sch_side_3_text.stx	2	Dormitory	Dormitorio
latest/win/wrd_data/map_obj_name_text_US.SPC	ID762_sch_side_3_text.stx	3	Pool	Piscina
latest/win/wrd_data/map_obj_name_text_US.SPC	ID762_sch_side_3_text.stx	4	Backyard	Patio Trasero
latest/win/wrd_data/map_obj_name_text_US.SPC	ID762_sch_side_3_text.stx	5	Backyard	Patio Trasero
latest/win/wrd_data/map_obj_name_text_US.SPC	ID762_sch_side_3_text.stx	6	Casino Area	Área de Casino
latest/win/wrd_data/map_obj_name_text_US.SPC	ID762_sch_side_3_text.stx	7	Mysterious Monument	Monumento Misterioso
latest/win/wrd_data/map_obj_name_text_US.SPC	ID762_sch_side_3_text.stx	8	Plants	Plantas
latest/win/wrd_data/map_obj_name_text_US.SPC	ID762_sch_side_3_text.stx	9	Hexagonal Protrusion	Saliente Hexagonal
latest/win/wrd_data/map_obj_name_text_US.SPC	ID762_sch_side_3_text.stx	10	Giant Door	Puerta Gigante
latest/win/wrd_data/map_obj_name_text_US.SPC	ID762_sch_side_3_text.stx	11	Giant Door	Puerta Gigante
latest/win/wrd_data/map_obj_name_text_US.SPC	ID762_sch_side_3_text.stx	12	Down the Big Stairs	Bajando las Escaleras Grandes
latest/win/wrd_data/map_obj_name_text_US.SPC	ID766_sch_side_4_text.stx	0	School Building	Edificio Principal
latest/win/wrd_data/map_obj_name_text_US.SPC	ID766_sch_side_4_text.stx	1	Dining Hall	Comedor
latest/win/wrd_data/map_obj_name_text_US.SPC	ID766_sch_side_4_text.stx	2	Dormitory	Dormitorio
latest/win/wrd_data/map_obj_name_text_US.SPC	ID766_sch_side_4_text.stx	3	Pool	Piscina
latest/win/wrd_data/map_obj_name_text_US.SPC	ID766_sch_side_4_text.stx	4	Backyard	Patio Trasero
latest/win/wrd_data/map_obj_name_text_US.SPC	ID766_sch_side_4_text.stx	5	Backyard	Patio Trasero
latest/win/wrd_data/map_obj_name_text_US.SPC	ID766_sch_side_4_text.stx	6	Casino Area	Área de Casino
latest/win/wrd_data/map_obj_name_text_US.SPC	ID766_sch_side_4_text.stx	7	Mysterious Monument	Monumento Misterioso
latest/win/wrd_data/map_obj_name_text_US.SPC	ID766_sch_side_4_text.stx	8	Plants	Plantas
latest/win/wrd_data/map_obj_name_text_US.SPC	ID766_sch_side_4_text.stx	9	Hexagonal Protrusion	Saliente Hexagonal
latest/win/wrd_data/map_obj_name_text_US.SPC	ID766_sch_side_4_text.stx	10	Giant Door	Puerta Gigante
latest/win/wrd_data/map_obj_name_text_US.SPC	ID766_sch_side_4_text.stx	11	Giant Door	Puerta Gigante
latest/win/wrd_data/map_obj_name_text_US.SPC	ID766_sch_side_4_text.stx	12	Down the Big Stairs	Bajando las Escaleras Grandes
latest/win/wrd_data/map_obj_name_text_US.SPC	ID770_sch_side_6_text.stx	0	School Building	Edificio Principal
latest/win/wrd_data/map_obj_name_text_US.SPC	ID770_sch_side_6_text.stx	1	Dining Hall	Comedor
latest/win/wrd_data/map_obj_name_text_US.SPC	ID770_sch_side_6_text.stx	2	Dormitory	Dormitorio
latest/win/wrd_data/map_obj_name_text_US.SPC	ID770_sch_side_6_text.stx	3	Pool	Piscina
latest/win/wrd_data/map_obj_name_text_US.SPC	ID770_sch_side_6_text.stx	4	Backyard	Patio Trasero
latest/win/wrd_data/map_obj_name_text_US.SPC	ID770_sch_side_6_text.stx	5	Backyard	Patio Trasero
latest/win/wrd_data/map_obj_name_text_US.SPC	ID770_sch_side_6_text.stx	6	Casino Area	Área de Casino
latest/win/wrd_data/map_obj_name_text_US.SPC	ID770_sch_side_6_text.stx	7	Mysterious Monument	Monumento Misterioso
latest/win/wrd_data/map_obj_name_text_US.SPC	ID770_sch_side_6_text.stx	8	Plants	Plantas
latest/win/wrd_data/map_obj_name_text_US.SPC	ID770_sch_side_6_text.stx	9	Hexagonal Protrusion	Saliente Hexagonal
latest/win/wrd_data/map_obj_name_text_US.SPC	ID770_sch_side_6_text.stx	10	Giant Door	Puerta Gigante
latest/win/wrd_data/map_obj_name_text_US.SPC	ID770_sch_side_6_text.stx	11	Giant Door	Puerta Gigante
latest/win/wrd_data/map_obj_name_text_US.SPC	ID770_sch_side_6_text.stx	12	Down the Big Stairs	Bajando las Escaleras Grandes
latest/win/wrd_data/map_obj_name_text_US.SPC	ID770_sch_side_6_text.stx	14	Card Reader	Lector de Tarjetas
latest/win/wrd_data/map_obj_name_text_US.SPC	ID771_elv_side_6_text.stx	0	Shrine of Judgment	Santuario del Juicio
latest/win/wrd_data/map_obj_name_text_US.SPC	ID771_elv_side_6_text.stx	1	Ultimate Aikido Master Lab	Laboratorio de la Maestra del Aikido Definitiva
latest/win/wrd_data/map_obj_name_text_US.SPC	ID771_elv_side_6_text.stx	2	Ultimate Inventor Lab	Laboratorio de la Inventora Definitiva
latest/win/wrd_data/map_obj_name_text_US.SPC	ID771_elv_side_6_text.stx	3	Thick Metal Door	Puerta de Metal Gruesa
latest/win/wrd_data/map_obj_name_text_US.SPC	ID771_elv_side_6_text.stx	4	Ultimate Robot Lab	Laboratorio del Robot Definitivo
latest/win/wrd_data/map_obj_name_text_US.SPC	ID771_elv_side_6_text.stx	5	Ninja Statue	Estatua de Ninja
latest/win/wrd_data/map_obj_name_text_US.SPC	ID771_elv_side_6_text.stx	6	Object with Indentation	Objeto con una Hendidura
latest/win/wrd_data/map_obj_name_text_US.SPC	ID771_elv_side_6_text.stx	7	Keyhole	Cerradura
latest/win/wrd_data/map_obj_name_text_US.SPC	ID771_elv_side_6_text.stx	8	Side of School Building	Costado del Edificio Principal
latest/win/wrd_data/map_obj_name_text_US.SPC	ID771_elv_side_6_text.stx	9	Scroll	Pergamino
latest/win/wrd_data/map_obj_name_text_US.SPC	ID771_elv_side_6_text.stx	10	Ultimate Robot Lab	Laboratorio del Robot Definitivo
latest/win/wrd_data/map_obj_name_text_US.SPC	ID771_elv_side_6_text.stx	11	Ultimate Robot Lab	Laboratorio del Robot Definitivo
latest/win/wrd_data/map_obj_name_text_US.SPC	ID950_1F_text.stx	0	Dormitory	Dormitorio
latest/win/wrd_data/map_obj_name_text_US.SPC	ID950_1F_text.stx	1	Door	Puerta
latest/win/wrd_data/map_obj_name_text_US.SPC	ID950_1F_text.stx	2	Dining Hall	Comedor
latest/win/wrd_data/map_obj_name_text_US.SPC	ID950_1F_text.stx	3	Warehouse	Almacén
latest/win/wrd_data/map_obj_name_text_US.SPC	ID950_1F_text.stx	4	Warehouse	Almacén
latest/win/wrd_data/map_obj_name_text_US.SPC	ID950_1F_text.stx	5	Classroom	Aula
latest/win/wrd_data/map_obj_name_text_US.SPC	ID950_1F_text.stx	6	Boys Bathroom	Baño de Chicos
latest/win/wrd_data/map_obj_name_text_US.SPC	ID950_1F_text.stx	7	Door	Puerta
latest/win/wrd_data/map_obj_name_text_US.SPC	ID950_1F_text.stx	8	Girls Bathroom	Baño de Chicas
latest/win/wrd_data/map_obj_name_text_US.SPC	ID950_1F_text.stx	9	Door	Puerta
latest/win/wrd_data/map_obj_name_text_US.SPC	ID950_1F_text.stx	10	Door	Puerta
latest/win/wrd_data/map_obj_name_text_US.SPC	ID950_1F_text.stx	11	Door	Puerta
latest/win/wrd_data/map_obj_name_text_US.SPC	ID950_1F_text.stx	12	2nd Floor	2do Piso
latest/win/wrd_data/map_obj_name_text_US.SPC	ID950_1F_text.stx	21	Gym	Gimnasio
latest/win/wrd_data/map_obj_name_text_US.SPC	ID951_residence_text.stx	0	Door	Puerta
latest/win/wrd_data/map_obj_name_text_US.SPC	ID951_residence_text.stx	1	Door	Puerta
latest/win/wrd_data/map_obj_name_text_US.SPC	ID951_residence_text.stx	2	Door	Puerta
latest/win/wrd_data/map_obj_name_text_US.SPC	ID951_residence_text.stx	3	Door	Puerta
latest/win/wrd_data/map_obj_name_text_US.SPC	ID951_residence_text.stx	4	Door	Puerta
latest/win/wrd_data/map_obj_name_text_US.SPC	ID951_residence_text.stx	5	Door	Puerta
latest/win/wrd_data/map_obj_name_text_US.SPC	ID951_residence_text.stx	6	Door	Puerta
latest/win/wrd_data/map_obj_name_text_US.SPC	ID951_residence_text.stx	7	Door	Puerta
latest/win/wrd_data/map_obj_name_text_US.SPC	ID951_residence_text.stx	8	Door	Puerta
latest/win/wrd_data/map_obj_name_text_US.SPC	ID951_residence_text.stx	9	Door	Puerta
latest/win/wrd_data/map_obj_name_text_US.SPC	ID951_residence_text.stx	10	Door	Puerta
latest/win/wrd_data/map_obj_name_text_US.SPC	ID951_residence_text.stx	11	Door	Puerta
latest/win/wrd_data/map_obj_name_text_US.SPC	ID951_residence_text.stx	12	Door	Puerta
latest/win/wrd_data/map_obj_name_text_US.SPC	ID951_residence_text.stx	13	Door	Puerta
latest/win/wrd_data/map_obj_name_text_US.SPC	ID951_residence_text.stx	14	Door	Puerta
latest/win/wrd_data/map_obj_name_text_US.SPC	ID951_residence_text.stx	15	Door	Puerta
latest/win/wrd_data/map_obj_name_text_US.SPC	ID951_residence_text.stx	16	Door	Puerta
latest/win/wrd_data/map_obj_name_text_US.SPC	ID951_residence_text.stx	18	Nameplate	Placa con Nombre
latest/win/wrd_data/map_obj_name_text_US.SPC	ID951_residence_text.stx	19	Nameplate	Placa con Nombre
latest/win/wrd_data/map_obj_name_text_US.SPC	ID952_classRoom_B_text.stx	0	Blackboard	Pizarrón
latest/win/wrd_data/map_obj_name_text_US.SPC	ID952_classRoom_B_text.stx	1	Window	Ventana
latest/win/wrd_data/map_obj_name_text_US.SPC	ID952_classRoom_B_text.stx	2	Teacher's Desk	Escritorio del Profesor
latest/win/wrd_data/map_obj_name_text_US.SPC	ID952_classRoom_B_text.stx	3	Door	Puerta
latest/win/wrd_data/map_obj_name_text_US.SPC	ID952_classRoom_B_text.stx	4	Locker	Casillero
latest/win/wrd_data/map_obj_name_text_US.SPC	ID952_classRoom_B_text.stx	6	Desk	Escritorio
latest/win/wrd_data/map_obj_name_text_US.SPC	ID952_classRoom_B_text.stx	7	Desk	Escritorio
latest/win/wrd_data/map_obj_name_text_US.SPC	ID952_classRoom_B_text.stx	8	Desk	Escritorio
latest/win/wrd_data/map_obj_name_text_US.SPC	ID952_classRoom_B_text.stx	9	Desk	Escritorio
latest/win/wrd_data/map_obj_name_text_US.SPC	ID952_classRoom_B_text.stx	10	Desk	Escritorio
latest/win/wrd_data/map_obj_name_text_US.SPC	ID952_classRoom_B_text.stx	11	Desk	Escritorio
latest/win/wrd_data/map_obj_name_text_US.SPC	ID952_classRoom_B_text.stx	12	Desk	Escritorio
latest/win/wrd_data/map_obj_name_text_US.SPC	ID952_classRoom_B_text.stx	13	Desk	Escritorio
latest/win/wrd_data/map_obj_name_text_US.SPC	ID952_classRoom_B_text.stx	14	Desk	Escritorio
latest/win/wrd_data/map_obj_name_text_US.SPC	ID952_classRoom_B_text.stx	15	Desk	Escritorio
latest/win/wrd_data/map_obj_name_text_US.SPC	ID952_classRoom_B_text.stx	16	Desk	Escritorio
latest/win/wrd_data/map_obj_name_text_US.SPC	ID952_classRoom_B_text.stx	17	Desk	Escritorio
latest/win/wrd_data/map_obj_name_text_US.SPC	ID952_classRoom_B_text.stx	18	Desk	Escritorio
latest/win/wrd_data/map_obj_name_text_US.SPC	ID952_classRoom_B_text.stx	19	Desk	Escritorio
latest/win/wrd_data/map_obj_name_text_US.SPC	ID952_classRoom_B_text.stx	20	Desk	Escritorio
latest/win/wrd_data/map_obj_name_text_US.SPC	ID952_classRoom_B_text.stx	21	Desk	Escritorio
latest/win/wrd_data/map_obj_name_text_US.SPC	ID952_classRoom_B_text.stx	22	Chair	Silla
latest/win/wrd_data/map_obj_name_text_US.SPC	ID952_classRoom_B_text.stx	23	Chair	Silla
latest/win/wrd_data/map_obj_name_text_US.SPC	ID952_classRoom_B_text.stx	24	Chair	Silla
latest/win/wrd_data/map_obj_name_text_US.SPC	ID952_classRoom_B_text.stx	25	Chair	Silla
latest/win/wrd_data/map_obj_name_text_US.SPC	ID952_classRoom_B_text.stx	26	Chair	Silla
latest/win/wrd_data/map_obj_name_text_US.SPC	ID952_classRoom_B_text.stx	27	Chair	Silla
latest/win/wrd_data/map_obj_name_text_US.SPC	ID952_classRoom_B_text.stx	28	Chair	Silla
latest/win/wrd_data/map_obj_name_text_US.SPC	ID952_classRoom_B_text.stx	29	Chair	Silla
latest/win/wrd_data/map_obj_name_text_US.SPC	ID952_classRoom_B_text.stx	30	Chair	Silla
latest/win/wrd_data/map_obj_name_text_US.SPC	ID952_classRoom_B_text.stx	31	Chair	Silla
latest/win/wrd_data/map_obj_name_text_US.SPC	ID952_classRoom_B_text.stx	32	Chair	Silla
latest/win/wrd_data/map_obj_name_text_US.SPC	ID952_classRoom_B_text.stx	33	Chair	Silla
latest/win/wrd_data/map_obj_name_text_US.SPC	ID952_classRoom_B_text.stx	34	Chair	Silla
latest/win/wrd_data/map_obj_name_text_US.SPC	ID952_classRoom_B_text.stx	35	Chair	Silla
latest/win/wrd_data/map_obj_name_text_US.SPC	ID952_classRoom_B_text.stx	36	Chair	Silla
latest/win/wrd_data/map_obj_name_text_US.SPC	ID952_classRoom_B_text.stx	37	Chair	Silla
latest/win/wrd_data/map_obj_name_text_US.SPC	ID952_classRoom_B_text.stx	38	Locker	Casillero
latest/win/wrd_data/map_obj_name_text_US.SPC	ID952_classRoom_B_text.stx	39	Locker	Casillero
latest/win/wrd_data/map_obj_name_text_US.SPC	ID952_classRoom_B_text.stx	40	Blackboard	Pizarrón
latest/win/wrd_data/map_obj_name_text_US.SPC	ID952_classRoom_B_text.stx	41	Blackboard	Pizarrón
latest/win/wrd_data/map_obj_name_text_US.SPC	ID953_gym_text.stx	1	Basketball Net	Canasta de Básquetbol
latest/win/wrd_data/map_obj_name_text_US.SPC	ID953_gym_text.stx	2	Basketball Net	Canasta de Básquetbol
latest/win/wrd_data/map_obj_name_text_US.SPC	ID953_gym_text.stx	3	Scoreboard	Marcador
latest/win/wrd_data/map_obj_name_text_US.SPC	ID953_gym_text.stx	6	Window	Ventana
latest/win/wrd_data/map_obj_name_text_US.SPC	ID953_gym_text.stx	7	Closed Curtain	Cortina Cerrada
latest/win/wrd_data/map_obj_name_text_US.SPC	ID953_gym_text.stx	8	Open Window	Ventana Abierta
latest/win/wrd_data/map_obj_name_text_US.SPC	ID953_gym_text.stx	11	Hammer on Dolly	Martillo sobre Carretilla
latest/win/wrd_data/map_obj_name_text_US.SPC	ID953_gym_text.stx	12	Mountain of Weapons	Montaña de Armas
latest/win/wrd_data/map_obj_name_text_US.SPC	ID954_Private_15_text.stx	0	Door	Puerta
latest/win/wrd_data/map_obj_name_text_US.SPC	ID954_Private_15_text.stx	2	Bed	Cama
latest/win/wrd_data/map_obj_name_text_US.SPC	ID954_Private_15_text.stx	3	Lighting	Iluminación
latest/win/wrd_data/map_obj_name_text_US.SPC	ID954_Private_15_text.stx	4	Closet	Clóset
latest/win/wrd_data/map_obj_name_text_US.SPC	ID954_Private_15_text.stx	5	Sofa	Sofá
latest/win/wrd_data/map_obj_name_text_US.SPC	ID954_Private_15_text.stx	6	Table	Mesa
latest/win/wrd_data/map_obj_name_text_US.SPC	ID954_Private_15_text.stx	7	Desk	Escritorio
latest/win/wrd_data/map_obj_name_text_US.SPC	ID954_Private_15_text.stx	8	Chair	Silla
latest/win/wrd_data/map_obj_name_text_US.SPC	ID954_Private_15_text.stx	9	Indirect Lighting	Luz Indirecta
latest/win/wrd_data/map_obj_name_text_US.SPC	ID954_Private_15_text.stx	10	Drawer	Cajón
latest/win/wrd_data/map_obj_name_text_US.SPC	ID954_Private_15_text.stx	11	Trash Can	Bote de Basura
latest/win/wrd_data/map_obj_name_text_US.SPC	ID954_Private_15_text.stx	12	Lock	Candado
latest/win/wrd_data/map_obj_name_text_US.SPC	ID954_Private_15_text.stx	13	Key Stand	Soporte de Llaves
latest/win/wrd_data/map_obj_name_text_US.SPC	ID954_Private_15_text.stx	14	Bathroom Door	Puerta del Baño
latest/win/wrd_data/map_obj_name_text_US.SPC	ID954_Private_15_text.stx	15	Crystal Ball	Bola de Cristal
latest/win/wrd_data/map_obj_name_text_US.SPC	ID954_Private_15_text.stx	16	Trashed Room	Habitación Destrozada
latest/win/wrd_data/map_obj_name_text_US.SPC	ID954_Private_15_text.stx	17	Trashed Room	Habitación Destrozada
latest/win/wrd_data/map_obj_name_text_US.SPC	ID954_Private_15_text.stx	18	Trashed Room	Habitación Destrozada
latest/win/wrd_data/map_obj_name_text_US.SPC	ID954_Private_15_text.stx	19	Trashed Room	Habitación Destrozada
latest/win/wrd_data/map_obj_name_text_US.SPC	ID955_showerroom_text.stx	0	Yasuhiro's Body	Cadáver de Yasuhiro
latest/win/wrd_data/map_obj_name_text_US.SPC	ID955_showerroom_text.stx	1	Yasuhiro's Body	Cadáver de Yasuhiro
latest/win/wrd_data/map_obj_name_text_US.SPC	ID955_showerroom_text.stx	2	Yasuhiro's Body	Cadáver de Yasuhiro
latest/win/wrd_data/map_obj_name_text_US.SPC	ID956_cafe_text.stx	1	Rules	Reglas
latest/win/wrd_data/map_obj_name_text_US.SPC	ID956_cafe_text.stx	2	Terrace Door	Puerta de la Terraza
latest/win/wrd_data/map_obj_name_text_US.SPC	ID956_cafe_text.stx	3	Barbed Wire	Alambre de Púas
latest/win/wrd_data/map_obj_name_text_US.SPC	ID956_cafe_text.stx	4	Grass	Pasto
latest/win/wrd_data/map_obj_name_text_US.SPC	ID956_cafe_text.stx	5	Floor	Piso
latest/win/wrd_data/map_obj_name_text_US.SPC	ID956_cafe_text.stx	6	Knives Hanging on the Wall	Cuchillos Colgados en la Pared
latest/win/wrd_data/map_obj_name_text_US.SPC	ID956_cafe_text.stx	7	Kitchen Entrance	Entrada a la Cocina
latest/win/wrd_data/map_obj_name_text_US.SPC	ID956_cafe_text.stx	43	Knives Hanging on the Wall	Cuchillos Colgados en la Pared
latest/win/wrd_data/map_obj_name_text_US.SPC	ID957_warehousea_text.stx	2	Shot Put Ball	Bola de Peso
latest/win/wrd_data/map_obj_name_text_US.SPC	ID957_warehousea_text.stx	3	RC Helicopter	Helicóptero a Control Remoto
latest/win/wrd_data/map_obj_name_text_US.SPC	ID957_warehousea_text.stx	4	High Jump Bar	Barra de Salto Alto
latest/win/wrd_data/map_obj_name_text_US.SPC	ID957_warehousea_text.stx	5	Mat	Colchoneta
latest/win/wrd_data/map_obj_name_text_US.SPC	ID957_warehousea_text.stx	6	Hurdle	Valla
latest/win/wrd_data/map_obj_name_text_US.SPC	ID957_warehousea_text.stx	7	Disposable Camera	Cámara Desechable
latest/win/wrd_data/map_obj_name_text_US.SPC	ID957_warehousea_text.stx	8	Photographic Developer	Revelador Fotográfico
